SEM_EXM_EXCH_ID,SEM_SEGMENT,SEM_SMST_SECURITY_ID,SEM_INSTRUMENT_NAME,SEM_EXPIRY_CODE,SEM_TRADING_SYMBOL,SEM_LOT_UNITS,SEM_CUSTOM_SYMBOL,SEM_EXPIRY_DATE,SEM_STRIKE_PRICE,SEM_OPTION_TYPE,SEM_TICK_SIZE,SEM_EXPIRY_FLAG,SEM_EXCH_INSTRUMENT_TYPE,SEM_SERIES,SM_SYMBOL_NAME
NSE,D,37372,OPTIDX,0,NIFTY-Oct2024-19600-CE,25.0,NIFTY 10 OCT 19600 CALL,2024-10-10 14:30:00,19600.0,CE,5.0,W,OP,,
NSE,D,37377,OPTIDX,0,NIFTY-Oct2024-19600-PE,25.0,NIFTY 10 OCT 19600 PUT,2024-10-10 14:30:00,19600.0,PE,5.0,W,OP,,
NSE,D,37378,OPTIDX,0,NIFTY-Oct2024-19650-CE,25.0,NIFTY 10 OCT 19650 CALL,2024-10-10 14:30:00,19650.0,CE,5.0,W,OP,,
NSE,D,37380,OPTIDX,0,NIFTY-Oct2024-19650-PE,25.0,NIFTY 10 OCT 19650 PUT,2024-10-10 14:30:00,19650.0,PE,5.0,W,OP,,
NSE,D,37382,OPTIDX,0,NIFTY-Oct2024-19700-CE,25.0,NIFTY 10 OCT 19700 CALL,2024-10-10 14:30:00,19700.0,CE,5.0,W,OP,,
NSE,D,37383,OPTIDX,0,NIFTY-Oct2024-19700-PE,25.0,NIFTY 10 OCT 19700 PUT,2024-10-10 14:30:00,19700.0,PE,5.0,W,OP,,
NSE,D,37384,OPTIDX,0,NIFTY-Oct2024-19750-CE,25.0,NIFTY 10 OCT 19750 CALL,2024-10-10 14:30:00,19750.0,CE,5.0,W,OP,,
NSE,D,37385,OPTIDX,0,NIFTY-Oct2024-19750-PE,25.0,NIFTY 10 OCT 19750 PUT,2024-10-10 14:30:00,19750.0,PE,5.0,W,OP,,
NSE,D,37387,OPTIDX,0,NIFTY-Oct2024-19800-CE,25.0,NIFTY 10 OCT 19800 CALL,2024-10-10 14:30:00,19800.0,CE,5.0,W,OP,,
NSE,D,37389,OPTIDX,0,NIFTY-Oct2024-19800-PE,25.0,NIFTY 10 OCT 19800 PUT,2024-10-10 14:30:00,19800.0,PE,5.0,W,OP,,
NSE,D,37393,OPTIDX,0,NIFTY-Oct2024-19850-CE,25.0,NIFTY 10 OCT 19850 CALL,2024-10-10 14:30:00,19850.0,CE,5.0,W,OP,,
NSE,D,37395,OPTIDX,0,NIFTY-Oct2024-19850-PE,25.0,NIFTY 10 OCT 19850 PUT,2024-10-10 14:30:00,19850.0,PE,5.0,W,OP,,
NSE,D,40486,OPTIDX,0,NIFTY-Oct2024-31300-CE,25.0,NIFTY 10 OCT 31300 CALL,2024-10-10 14:30:00,31300.0,CE,5.0,W,OP,,
NSE,D,40487,OPTIDX,0,NIFTY-Oct2024-31300-PE,25.0,NIFTY 10 OCT 31300 PUT,2024-10-10 14:30:00,31300.0,PE,5.0,W,OP,,
NSE,D,40488,OPTIDX,0,NIFTY-Oct2024-31350-CE,25.0,NIFTY 10 OCT 31350 CALL,2024-10-10 14:30:00,31350.0,CE,5.0,W,OP,,
NSE,D,40489,OPTIDX,0,NIFTY-Oct2024-31350-PE,25.0,NIFTY 10 OCT 31350 PUT,2024-10-10 14:30:00,31350.0,PE,5.0,W,OP,,
NSE,D,40490,OPTIDX,0,NIFTY-Oct2024-31400-CE,25.0,NIFTY 10 OCT 31400 CALL,2024-10-10 14:30:00,31400.0,CE,5.0,W,OP,,
NSE,D,40491,OPTIDX,0,NIFTY-Oct2024-31400-PE,25.0,NIFTY 10 OCT 31400 PUT,2024-10-10 14:30:00,31400.0,PE,5.0,W,OP,,
NSE,D,40492,OPTIDX,0,NIFTY-Oct2024-31450-CE,25.0,NIFTY 10 OCT 31450 CALL,2024-10-10 14:30:00,31450.0,CE,5.0,W,OP,,
NSE,D,40508,OPTIDX,0,NIFTY-Oct2024-31450-PE,25.0,NIFTY 10 OCT 31450 PUT,2024-10-10 14:30:00,31450.0,PE,5.0,W,OP,,
NSE,D,42192,OPTIDX,0,NIFTY-Oct2024-19900-CE,25.0,NIFTY 10 OCT 19900 CALL,2024-10-10 14:30:00,19900.0,CE,5.0,W,OP,,
NSE,D,42198,OPTIDX,0,NIFTY-Oct2024-19900-PE,25.0,NIFTY 10 OCT 19900 PUT,2024-10-10 14:30:00,19900.0,PE,5.0,W,OP,,
NSE,D,42225,OPTIDX,0,NIFTY-Oct2024-19950-CE,25.0,NIFTY 10 OCT 19950 CALL,2024-10-10 14:30:00,19950.0,CE,5.0,W,OP,,
NSE,D,42226,OPTIDX,0,NIFTY-Oct2024-19950-PE,25.0,NIFTY 10 OCT 19950 PUT,2024-10-10 14:30:00,19950.0,PE,5.0,W,OP,,
NSE,D,42228,OPTIDX,0,NIFTY-Oct2024-20000-CE,25.0,NIFTY 10 OCT 20000 CALL,2024-10-10 14:30:00,20000.0,CE,5.0,W,OP,,
NSE,D,42239,OPTIDX,0,NIFTY-Oct2024-20000-PE,25.0,NIFTY 10 OCT 20000 PUT,2024-10-10 14:30:00,20000.0,PE,5.0,W,OP,,
NSE,D,42242,OPTIDX,0,NIFTY-Oct2024-20050-CE,25.0,NIFTY 10 OCT 20050 CALL,2024-10-10 14:30:00,20050.0,CE,5.0,W,OP,,
NSE,D,42243,OPTIDX,0,NIFTY-Oct2024-20050-PE,25.0,NIFTY 10 OCT 20050 PUT,2024-10-10 14:30:00,20050.0,PE,5.0,W,OP,,
NSE,D,42246,OPTIDX,0,NIFTY-Oct2024-20100-CE,25.0,NIFTY 10 OCT 20100 CALL,2024-10-10 14:30:00,20100.0,CE,5.0,W,OP,,
NSE,D,42268,OPTIDX,0,NIFTY-Oct2024-20100-PE,25.0,NIFTY 10 OCT 20100 PUT,2024-10-10 14:30:00,20100.0,PE,5.0,W,OP,,
NSE,D,42269,OPTIDX,0,NIFTY-Oct2024-20150-CE,25.0,NIFTY 10 OCT 20150 CALL,2024-10-10 14:30:00,20150.0,CE,5.0,W,OP,,
NSE,D,42270,OPTIDX,0,NIFTY-Oct2024-20150-PE,25.0,NIFTY 10 OCT 20150 PUT,2024-10-10 14:30:00,20150.0,PE,5.0,W,OP,,
NSE,D,42271,OPTIDX,0,NIFTY-Oct2024-20200-CE,25.0,NIFTY 10 OCT 20200 CALL,2024-10-10 14:30:00,20200.0,CE,5.0,W,OP,,
NSE,D,42272,OPTIDX,0,NIFTY-Oct2024-20200-PE,25.0,NIFTY 10 OCT 20200 PUT,2024-10-10 14:30:00,20200.0,PE,5.0,W,OP,,
NSE,D,42273,OPTIDX,0,NIFTY-Oct2024-20250-CE,25.0,NIFTY 10 OCT 20250 CALL,2024-10-10 14:30:00,20250.0,CE,5.0,W,OP,,
NSE,D,42274,OPTIDX,0,NIFTY-Oct2024-20250-PE,25.0,NIFTY 10 OCT 20250 PUT,2024-10-10 14:30:00,20250.0,PE,5.0,W,OP,,
NSE,D,42275,OPTIDX,0,NIFTY-Oct2024-20300-CE,25.0,NIFTY 10 OCT 20300 CALL,2024-10-10 14:30:00,20300.0,CE,5.0,W,OP,,
NSE,D,42281,OPTIDX,0,NIFTY-Oct2024-20300-PE,25.0,NIFTY 10 OCT 20300 PUT,2024-10-10 14:30:00,20300.0,PE,5.0,W,OP,,
NSE,D,42282,OPTIDX,0,NIFTY-Oct2024-20350-CE,25.0,NIFTY 10 OCT 20350 CALL,2024-10-10 14:30:00,20350.0,CE,5.0,W,OP,,
NSE,D,42283,OPTIDX,0,NIFTY-Oct2024-30450-CE,25.0,NIFTY 10 OCT 30450 CALL,2024-10-10 14:30:00,30450.0,CE,5.0,W,OP,,
NSE,D,42284,OPTIDX,0,NIFTY-Oct2024-30450-PE,25.0,NIFTY 10 OCT 30450 PUT,2024-10-10 14:30:00,30450.0,PE,5.0,W,OP,,
NSE,D,42288,OPTIDX,0,NIFTY-Oct2024-30500-CE,25.0,NIFTY 10 OCT 30500 CALL,2024-10-10 14:30:00,30500.0,CE,5.0,W,OP,,
NSE,D,42289,OPTIDX,0,NIFTY-Oct2024-20350-PE,25.0,NIFTY 10 OCT 20350 PUT,2024-10-10 14:30:00,20350.0,PE,5.0,W,OP,,
NSE,D,42290,OPTIDX,0,NIFTY-Oct2024-30500-PE,25.0,NIFTY 10 OCT 30500 PUT,2024-10-10 14:30:00,30500.0,PE,5.0,W,OP,,
NSE,D,42291,OPTIDX,0,NIFTY-Oct2024-30550-CE,25.0,NIFTY 10 OCT 30550 CALL,2024-10-10 14:30:00,30550.0,CE,5.0,W,OP,,
NSE,D,42292,OPTIDX,0,NIFTY-Oct2024-30550-PE,25.0,NIFTY 10 OCT 30550 PUT,2024-10-10 14:30:00,30550.0,PE,5.0,W,OP,,
NSE,D,42293,OPTIDX,0,NIFTY-Oct2024-20400-CE,25.0,NIFTY 10 OCT 20400 CALL,2024-10-10 14:30:00,20400.0,CE,5.0,W,OP,,
NSE,D,42294,OPTIDX,0,NIFTY-Oct2024-20400-PE,25.0,NIFTY 10 OCT 20400 PUT,2024-10-10 14:30:00,20400.0,PE,5.0,W,OP,,
NSE,D,42295,OPTIDX,0,NIFTY-Oct2024-20450-CE,25.0,NIFTY 10 OCT 20450 CALL,2024-10-10 14:30:00,20450.0,CE,5.0,W,OP,,
NSE,D,42296,OPTIDX,0,NIFTY-Oct2024-20450-PE,25.0,NIFTY 10 OCT 20450 PUT,2024-10-10 14:30:00,20450.0,PE,5.0,W,OP,,
NSE,D,42297,OPTIDX,0,NIFTY-Oct2024-20500-CE,25.0,NIFTY 10 OCT 20500 CALL,2024-10-10 14:30:00,20500.0,CE,5.0,W,OP,,
NSE,D,42298,OPTIDX,0,NIFTY-Oct2024-20500-PE,25.0,NIFTY 10 OCT 20500 PUT,2024-10-10 14:30:00,20500.0,PE,5.0,W,OP,,
NSE,D,42301,OPTIDX,0,NIFTY-Oct2024-20550-CE,25.0,NIFTY 10 OCT 20550 CALL,2024-10-10 14:30:00,20550.0,CE,5.0,W,OP,,
NSE,D,42302,OPTIDX,0,NIFTY-Oct2024-20550-PE,25.0,NIFTY 10 OCT 20550 PUT,2024-10-10 14:30:00,20550.0,PE,5.0,W,OP,,
NSE,D,42303,OPTIDX,0,NIFTY-Oct2024-30600-CE,25.0,NIFTY 10 OCT 30600 CALL,2024-10-10 14:30:00,30600.0,CE,5.0,W,OP,,
NSE,D,42304,OPTIDX,0,NIFTY-Oct2024-30600-PE,25.0,NIFTY 10 OCT 30600 PUT,2024-10-10 14:30:00,30600.0,PE,5.0,W,OP,,
NSE,D,42305,OPTIDX,0,NIFTY-Oct2024-20600-CE,25.0,NIFTY 10 OCT 20600 CALL,2024-10-10 14:30:00,20600.0,CE,5.0,W,OP,,
NSE,D,42306,OPTIDX,0,NIFTY-Oct2024-30650-CE,25.0,NIFTY 10 OCT 30650 CALL,2024-10-10 14:30:00,30650.0,CE,5.0,W,OP,,
NSE,D,42307,OPTIDX,0,NIFTY-Oct2024-30650-PE,25.0,NIFTY 10 OCT 30650 PUT,2024-10-10 14:30:00,30650.0,PE,5.0,W,OP,,
NSE,D,42310,OPTIDX,0,NIFTY-Oct2024-20600-PE,25.0,NIFTY 10 OCT 20600 PUT,2024-10-10 14:30:00,20600.0,PE,5.0,W,OP,,
NSE,D,42312,OPTIDX,0,NIFTY-Oct2024-20650-CE,25.0,NIFTY 10 OCT 20650 CALL,2024-10-10 14:30:00,20650.0,CE,5.0,W,OP,,
NSE,D,42314,OPTIDX,0,NIFTY-Oct2024-20650-PE,25.0,NIFTY 10 OCT 20650 PUT,2024-10-10 14:30:00,20650.0,PE,5.0,W,OP,,
NSE,D,42315,OPTIDX,0,NIFTY-Oct2024-20700-CE,25.0,NIFTY 10 OCT 20700 CALL,2024-10-10 14:30:00,20700.0,CE,5.0,W,OP,,
NSE,D,42318,OPTIDX,0,NIFTY-Oct2024-20700-PE,25.0,NIFTY 10 OCT 20700 PUT,2024-10-10 14:30:00,20700.0,PE,5.0,W,OP,,
NSE,D,42319,OPTIDX,0,NIFTY-Oct2024-20750-CE,25.0,NIFTY 10 OCT 20750 CALL,2024-10-10 14:30:00,20750.0,CE,5.0,W,OP,,
NSE,D,42320,OPTIDX,0,NIFTY-Oct2024-20750-PE,25.0,NIFTY 10 OCT 20750 PUT,2024-10-10 14:30:00,20750.0,PE,5.0,W,OP,,
NSE,D,42321,OPTIDX,0,NIFTY-Oct2024-20800-CE,25.0,NIFTY 10 OCT 20800 CALL,2024-10-10 14:30:00,20800.0,CE,5.0,W,OP,,
NSE,D,42328,OPTIDX,0,NIFTY-Oct2024-20800-PE,25.0,NIFTY 10 OCT 20800 PUT,2024-10-10 14:30:00,20800.0,PE,5.0,W,OP,,
NSE,D,42329,OPTIDX,0,NIFTY-Oct2024-20850-CE,25.0,NIFTY 10 OCT 20850 CALL,2024-10-10 14:30:00,20850.0,CE,5.0,W,OP,,
NSE,D,42330,OPTIDX,0,NIFTY-Oct2024-20850-PE,25.0,NIFTY 10 OCT 20850 PUT,2024-10-10 14:30:00,20850.0,PE,5.0,W,OP,,
NSE,D,42331,OPTIDX,0,NIFTY-Oct2024-20900-CE,25.0,NIFTY 10 OCT 20900 CALL,2024-10-10 14:30:00,20900.0,CE,5.0,W,OP,,
NSE,D,42332,OPTIDX,0,NIFTY-Oct2024-20900-PE,25.0,NIFTY 10 OCT 20900 PUT,2024-10-10 14:30:00,20900.0,PE,5.0,W,OP,,
NSE,D,42333,OPTIDX,0,NIFTY-Oct2024-20950-CE,25.0,NIFTY 10 OCT 20950 CALL,2024-10-10 14:30:00,20950.0,CE,5.0,W,OP,,
NSE,D,42336,OPTIDX,0,NIFTY-Oct2024-20950-PE,25.0,NIFTY 10 OCT 20950 PUT,2024-10-10 14:30:00,20950.0,PE,5.0,W,OP,,
NSE,D,42337,OPTIDX,0,NIFTY-Oct2024-21000-CE,25.0,NIFTY 10 OCT 21000 CALL,2024-10-10 14:30:00,21000.0,CE,5.0,W,OP,,
NSE,D,42338,OPTIDX,0,NIFTY-Oct2024-21000-PE,25.0,NIFTY 10 OCT 21000 PUT,2024-10-10 14:30:00,21000.0,PE,5.0,W,OP,,
NSE,D,42339,OPTIDX,0,NIFTY-Oct2024-21050-CE,25.0,NIFTY 10 OCT 21050 CALL,2024-10-10 14:30:00,21050.0,CE,5.0,W,OP,,
NSE,D,42346,OPTIDX,0,NIFTY-Oct2024-21050-PE,25.0,NIFTY 10 OCT 21050 PUT,2024-10-10 14:30:00,21050.0,PE,5.0,W,OP,,
NSE,D,42347,OPTIDX,0,NIFTY-Oct2024-21100-CE,25.0,NIFTY 10 OCT 21100 CALL,2024-10-10 14:30:00,21100.0,CE,5.0,W,OP,,
NSE,D,42348,OPTIDX,0,NIFTY-Oct2024-21100-PE,25.0,NIFTY 10 OCT 21100 PUT,2024-10-10 14:30:00,21100.0,PE,5.0,W,OP,,
NSE,D,42349,OPTIDX,0,NIFTY-Oct2024-21150-CE,25.0,NIFTY 10 OCT 21150 CALL,2024-10-10 14:30:00,21150.0,CE,5.0,W,OP,,
NSE,D,42350,OPTIDX,0,NIFTY-Oct2024-21150-PE,25.0,NIFTY 10 OCT 21150 PUT,2024-10-10 14:30:00,21150.0,PE,5.0,W,OP,,
NSE,D,42351,OPTIDX,0,NIFTY-Oct2024-21200-CE,25.0,NIFTY 10 OCT 21200 CALL,2024-10-10 14:30:00,21200.0,CE,5.0,W,OP,,
NSE,D,42352,OPTIDX,0,NIFTY-Oct2024-21200-PE,25.0,NIFTY 10 OCT 21200 PUT,2024-10-10 14:30:00,21200.0,PE,5.0,W,OP,,
NSE,D,42353,OPTIDX,0,NIFTY-Oct2024-21250-CE,25.0,NIFTY 10 OCT 21250 CALL,2024-10-10 14:30:00,21250.0,CE,5.0,W,OP,,
NSE,D,42356,OPTIDX,0,NIFTY-Oct2024-21250-PE,25.0,NIFTY 10 OCT 21250 PUT,2024-10-10 14:30:00,21250.0,PE,5.0,W,OP,,
NSE,D,42359,OPTIDX,0,NIFTY-Oct2024-21300-CE,25.0,NIFTY 10 OCT 21300 CALL,2024-10-10 14:30:00,21300.0,CE,5.0,W,OP,,
NSE,D,42360,OPTIDX,0,NIFTY-Oct2024-21300-PE,25.0,NIFTY 10 OCT 21300 PUT,2024-10-10 14:30:00,21300.0,PE,5.0,W,OP,,
NSE,D,42361,OPTIDX,0,NIFTY-Oct2024-21350-CE,25.0,NIFTY 10 OCT 21350 CALL,2024-10-10 14:30:00,21350.0,CE,5.0,W,OP,,
NSE,D,42362,OPTIDX,0,NIFTY-Oct2024-21350-PE,25.0,NIFTY 10 OCT 21350 PUT,2024-10-10 14:30:00,21350.0,PE,5.0,W,OP,,
NSE,D,42365,OPTIDX,0,NIFTY-Oct2024-21400-CE,25.0,NIFTY 10 OCT 21400 CALL,2024-10-10 14:30:00,21400.0,CE,5.0,W,OP,,
NSE,D,42366,OPTIDX,0,NIFTY-Oct2024-21400-PE,25.0,NIFTY 10 OCT 21400 PUT,2024-10-10 14:30:00,21400.0,PE,5.0,W,OP,,
NSE,D,42369,OPTIDX,0,NIFTY-Oct2024-21450-CE,25.0,NIFTY 10 OCT 21450 CALL,2024-10-10 14:30:00,21450.0,CE,5.0,W,OP,,
NSE,D,42370,OPTIDX,0,NIFTY-Oct2024-21450-PE,25.0,NIFTY 10 OCT 21450 PUT,2024-10-10 14:30:00,21450.0,PE,5.0,W,OP,,
NSE,D,42371,OPTIDX,0,NIFTY-Oct2024-21500-CE,25.0,NIFTY 10 OCT 21500 CALL,2024-10-10 14:30:00,21500.0,CE,5.0,W,OP,,
NSE,D,42372,OPTIDX,0,NIFTY-Oct2024-21500-PE,25.0,NIFTY 10 OCT 21500 PUT,2024-10-10 14:30:00,21500.0,PE,5.0,W,OP,,
NSE,D,42375,OPTIDX,0,NIFTY-Oct2024-21550-CE,25.0,NIFTY 10 OCT 21550 CALL,2024-10-10 14:30:00,21550.0,CE,5.0,W,OP,,
NSE,D,42376,OPTIDX,0,NIFTY-Oct2024-21550-PE,25.0,NIFTY 10 OCT 21550 PUT,2024-10-10 14:30:00,21550.0,PE,5.0,W,OP,,
NSE,D,42377,OPTIDX,0,NIFTY-Oct2024-21600-CE,25.0,NIFTY 10 OCT 21600 CALL,2024-10-10 14:30:00,21600.0,CE,5.0,W,OP,,
NSE,D,42378,OPTIDX,0,NIFTY-Oct2024-21600-PE,25.0,NIFTY 10 OCT 21600 PUT,2024-10-10 14:30:00,21600.0,PE,5.0,W,OP,,
NSE,D,42379,OPTIDX,0,NIFTY-Oct2024-21650-CE,25.0,NIFTY 10 OCT 21650 CALL,2024-10-10 14:30:00,21650.0,CE,5.0,W,OP,,
NSE,D,42380,OPTIDX,0,NIFTY-Oct2024-21650-PE,25.0,NIFTY 10 OCT 21650 PUT,2024-10-10 14:30:00,21650.0,PE,5.0,W,OP,,
NSE,D,42381,OPTIDX,0,NIFTY-Oct2024-21700-CE,25.0,NIFTY 10 OCT 21700 CALL,2024-10-10 14:30:00,21700.0,CE,5.0,W,OP,,
NSE,D,42382,OPTIDX,0,NIFTY-Oct2024-21700-PE,25.0,NIFTY 10 OCT 21700 PUT,2024-10-10 14:30:00,21700.0,PE,5.0,W,OP,,
NSE,D,42383,OPTIDX,0,NIFTY-Oct2024-21750-CE,25.0,NIFTY 10 OCT 21750 CALL,2024-10-10 14:30:00,21750.0,CE,5.0,W,OP,,
NSE,D,42384,OPTIDX,0,NIFTY-Oct2024-21750-PE,25.0,NIFTY 10 OCT 21750 PUT,2024-10-10 14:30:00,21750.0,PE,5.0,W,OP,,
NSE,D,42385,OPTIDX,0,NIFTY-Oct2024-21800-CE,25.0,NIFTY 10 OCT 21800 CALL,2024-10-10 14:30:00,21800.0,CE,5.0,W,OP,,
NSE,D,42386,OPTIDX,0,NIFTY-Oct2024-21800-PE,25.0,NIFTY 10 OCT 21800 PUT,2024-10-10 14:30:00,21800.0,PE,5.0,W,OP,,
NSE,D,42387,OPTIDX,0,NIFTY-Oct2024-21850-CE,25.0,NIFTY 10 OCT 21850 CALL,2024-10-10 14:30:00,21850.0,CE,5.0,W,OP,,
NSE,D,42388,OPTIDX,0,NIFTY-Oct2024-21850-PE,25.0,NIFTY 10 OCT 21850 PUT,2024-10-10 14:30:00,21850.0,PE,5.0,W,OP,,
NSE,D,42390,OPTIDX,0,NIFTY-Oct2024-21900-CE,25.0,NIFTY 10 OCT 21900 CALL,2024-10-10 14:30:00,21900.0,CE,5.0,W,OP,,
NSE,D,42391,OPTIDX,0,NIFTY-Oct2024-21900-PE,25.0,NIFTY 10 OCT 21900 PUT,2024-10-10 14:30:00,21900.0,PE,5.0,W,OP,,
NSE,D,42401,OPTIDX,0,NIFTY-Oct2024-21950-CE,25.0,NIFTY 10 OCT 21950 CALL,2024-10-10 14:30:00,21950.0,CE,5.0,W,OP,,
NSE,D,42402,OPTIDX,0,NIFTY-Oct2024-21950-PE,25.0,NIFTY 10 OCT 21950 PUT,2024-10-10 14:30:00,21950.0,PE,5.0,W,OP,,
NSE,D,42409,OPTIDX,0,NIFTY-Oct2024-22000-CE,25.0,NIFTY 10 OCT 22000 CALL,2024-10-10 14:30:00,22000.0,CE,5.0,W,OP,,
NSE,D,42410,OPTIDX,0,NIFTY-Oct2024-22000-PE,25.0,NIFTY 10 OCT 22000 PUT,2024-10-10 14:30:00,22000.0,PE,5.0,W,OP,,
NSE,D,42411,OPTIDX,0,NIFTY-Oct2024-22050-CE,25.0,NIFTY 10 OCT 22050 CALL,2024-10-10 14:30:00,22050.0,CE,5.0,W,OP,,
NSE,D,42412,OPTIDX,0,NIFTY-Oct2024-22050-PE,25.0,NIFTY 10 OCT 22050 PUT,2024-10-10 14:30:00,22050.0,PE,5.0,W,OP,,
NSE,D,42415,OPTIDX,0,NIFTY-Oct2024-22100-CE,25.0,NIFTY 10 OCT 22100 CALL,2024-10-10 14:30:00,22100.0,CE,5.0,W,OP,,
NSE,D,42416,OPTIDX,0,NIFTY-Oct2024-22100-PE,25.0,NIFTY 10 OCT 22100 PUT,2024-10-10 14:30:00,22100.0,PE,5.0,W,OP,,
NSE,D,42419,OPTIDX,0,NIFTY-Oct2024-22150-CE,25.0,NIFTY 10 OCT 22150 CALL,2024-10-10 14:30:00,22150.0,CE,5.0,W,OP,,
NSE,D,42420,OPTIDX,0,NIFTY-Oct2024-22150-PE,25.0,NIFTY 10 OCT 22150 PUT,2024-10-10 14:30:00,22150.0,PE,5.0,W,OP,,
NSE,D,42427,OPTIDX,0,NIFTY-Oct2024-22200-CE,25.0,NIFTY 10 OCT 22200 CALL,2024-10-10 14:30:00,22200.0,CE,5.0,W,OP,,
NSE,D,42428,OPTIDX,0,NIFTY-Oct2024-22200-PE,25.0,NIFTY 10 OCT 22200 PUT,2024-10-10 14:30:00,22200.0,PE,5.0,W,OP,,
NSE,D,42437,OPTIDX,0,NIFTY-Oct2024-22250-CE,25.0,NIFTY 10 OCT 22250 CALL,2024-10-10 14:30:00,22250.0,CE,5.0,W,OP,,
NSE,D,42438,OPTIDX,0,NIFTY-Oct2024-22250-PE,25.0,NIFTY 10 OCT 22250 PUT,2024-10-10 14:30:00,22250.0,PE,5.0,W,OP,,
NSE,D,42443,OPTIDX,0,NIFTY-Oct2024-22300-CE,25.0,NIFTY 10 OCT 22300 CALL,2024-10-10 14:30:00,22300.0,CE,5.0,W,OP,,
NSE,D,42444,OPTIDX,0,NIFTY-Oct2024-22300-PE,25.0,NIFTY 10 OCT 22300 PUT,2024-10-10 14:30:00,22300.0,PE,5.0,W,OP,,
NSE,D,42445,OPTIDX,0,NIFTY-Oct2024-22350-CE,25.0,NIFTY 10 OCT 22350 CALL,2024-10-10 14:30:00,22350.0,CE,5.0,W,OP,,
NSE,D,42446,OPTIDX,0,NIFTY-Oct2024-22350-PE,25.0,NIFTY 10 OCT 22350 PUT,2024-10-10 14:30:00,22350.0,PE,5.0,W,OP,,
NSE,D,42447,OPTIDX,0,NIFTY-Oct2024-22400-CE,25.0,NIFTY 10 OCT 22400 CALL,2024-10-10 14:30:00,22400.0,CE,5.0,W,OP,,
NSE,D,42448,OPTIDX,0,NIFTY-Oct2024-22400-PE,25.0,NIFTY 10 OCT 22400 PUT,2024-10-10 14:30:00,22400.0,PE,5.0,W,OP,,
NSE,D,42449,OPTIDX,0,NIFTY-Oct2024-22450-CE,25.0,NIFTY 10 OCT 22450 CALL,2024-10-10 14:30:00,22450.0,CE,5.0,W,OP,,
NSE,D,42456,OPTIDX,0,NIFTY-Oct2024-22450-PE,25.0,NIFTY 10 OCT 22450 PUT,2024-10-10 14:30:00,22450.0,PE,5.0,W,OP,,
NSE,D,42680,OPTIDX,0,NIFTY-Oct2024-22500-CE,25.0,NIFTY 10 OCT 22500 CALL,2024-10-10 14:30:00,22500.0,CE,5.0,W,OP,,
NSE,D,42681,OPTIDX,0,NIFTY-Oct2024-22500-PE,25.0,NIFTY 10 OCT 22500 PUT,2024-10-10 14:30:00,22500.0,PE,5.0,W,OP,,
NSE,D,45470,OPTIDX,0,NIFTY-Oct2024-22550-CE,25.0,NIFTY 10 OCT 22550 CALL,2024-10-10 14:30:00,22550.0,CE,5.0,W,OP,,
NSE,D,45474,OPTIDX,0,NIFTY-Oct2024-22550-PE,25.0,NIFTY 10 OCT 22550 PUT,2024-10-10 14:30:00,22550.0,PE,5.0,W,OP,,
NSE,D,47035,OPTIDX,0,NIFTY-Oct2024-22600-CE,25.0,NIFTY 10 OCT 22600 CALL,2024-10-10 14:30:00,22600.0,CE,5.0,W,OP,,
NSE,D,47036,OPTIDX,0,NIFTY-Oct2024-22600-PE,25.0,NIFTY 10 OCT 22600 PUT,2024-10-10 14:30:00,22600.0,PE,5.0,W,OP,,
NSE,D,47037,OPTIDX,0,NIFTY-Oct2024-22650-CE,25.0,NIFTY 10 OCT 22650 CALL,2024-10-10 14:30:00,22650.0,CE,5.0,W,OP,,
NSE,D,47045,OPTIDX,0,NIFTY-Oct2024-22650-PE,25.0,NIFTY 10 OCT 22650 PUT,2024-10-10 14:30:00,22650.0,PE,5.0,W,OP,,
NSE,D,47046,OPTIDX,0,NIFTY-Oct2024-22700-CE,25.0,NIFTY 10 OCT 22700 CALL,2024-10-10 14:30:00,22700.0,CE,5.0,W,OP,,
NSE,D,47047,OPTIDX,0,NIFTY-Oct2024-22700-PE,25.0,NIFTY 10 OCT 22700 PUT,2024-10-10 14:30:00,22700.0,PE,5.0,W,OP,,
NSE,D,47048,OPTIDX,0,NIFTY-Oct2024-22750-CE,25.0,NIFTY 10 OCT 22750 CALL,2024-10-10 14:30:00,22750.0,CE,5.0,W,OP,,
NSE,D,47053,OPTIDX,0,NIFTY-Oct2024-22750-PE,25.0,NIFTY 10 OCT 22750 PUT,2024-10-10 14:30:00,22750.0,PE,5.0,W,OP,,
NSE,D,47054,OPTIDX,0,NIFTY-Oct2024-22800-CE,25.0,NIFTY 10 OCT 22800 CALL,2024-10-10 14:30:00,22800.0,CE,5.0,W,OP,,
NSE,D,47055,OPTIDX,0,NIFTY-Oct2024-22800-PE,25.0,NIFTY 10 OCT 22800 PUT,2024-10-10 14:30:00,22800.0,PE,5.0,W,OP,,
NSE,D,47056,OPTIDX,0,NIFTY-Oct2024-22850-CE,25.0,NIFTY 10 OCT 22850 CALL,2024-10-10 14:30:00,22850.0,CE,5.0,W,OP,,
NSE,D,47057,OPTIDX,0,NIFTY-Oct2024-22850-PE,25.0,NIFTY 10 OCT 22850 PUT,2024-10-10 14:30:00,22850.0,PE,5.0,W,OP,,
NSE,D,47058,OPTIDX,0,NIFTY-Oct2024-22900-CE,25.0,NIFTY 10 OCT 22900 CALL,2024-10-10 14:30:00,22900.0,CE,5.0,W,OP,,
NSE,D,47059,OPTIDX,0,NIFTY-Oct2024-22900-PE,25.0,NIFTY 10 OCT 22900 PUT,2024-10-10 14:30:00,22900.0,PE,5.0,W,OP,,
NSE,D,47060,OPTIDX,0,NIFTY-Oct2024-22950-CE,25.0,NIFTY 10 OCT 22950 CALL,2024-10-10 14:30:00,22950.0,CE,5.0,W,OP,,
NSE,D,47061,OPTIDX,0,NIFTY-Oct2024-22950-PE,25.0,NIFTY 10 OCT 22950 PUT,2024-10-10 14:30:00,22950.0,PE,5.0,W,OP,,
NSE,D,47062,OPTIDX,0,NIFTY-Oct2024-23000-CE,25.0,NIFTY 10 OCT 23000 CALL,2024-10-10 14:30:00,23000.0,CE,5.0,W,OP,,
NSE,D,47065,OPTIDX,0,NIFTY-Oct2024-23000-PE,25.0,NIFTY 10 OCT 23000 PUT,2024-10-10 14:30:00,23000.0,PE,5.0,W,OP,,
NSE,D,47066,OPTIDX,0,NIFTY-Oct2024-23050-CE,25.0,NIFTY 10 OCT 23050 CALL,2024-10-10 14:30:00,23050.0,CE,5.0,W,OP,,
NSE,D,47067,OPTIDX,0,NIFTY-Oct2024-23050-PE,25.0,NIFTY 10 OCT 23050 PUT,2024-10-10 14:30:00,23050.0,PE,5.0,W,OP,,
NSE,D,47068,OPTIDX,0,NIFTY-Oct2024-23100-CE,25.0,NIFTY 10 OCT 23100 CALL,2024-10-10 14:30:00,23100.0,CE,5.0,W,OP,,
NSE,D,47070,OPTIDX,0,NIFTY-Oct2024-23100-PE,25.0,NIFTY 10 OCT 23100 PUT,2024-10-10 14:30:00,23100.0,PE,5.0,W,OP,,
NSE,D,47071,OPTIDX,0,NIFTY-Oct2024-23150-CE,25.0,NIFTY 10 OCT 23150 CALL,2024-10-10 14:30:00,23150.0,CE,5.0,W,OP,,
NSE,D,47073,OPTIDX,0,NIFTY-Oct2024-23150-PE,25.0,NIFTY 10 OCT 23150 PUT,2024-10-10 14:30:00,23150.0,PE,5.0,W,OP,,
NSE,D,47074,OPTIDX,0,NIFTY-Oct2024-23200-CE,25.0,NIFTY 10 OCT 23200 CALL,2024-10-10 14:30:00,23200.0,CE,5.0,W,OP,,
NSE,D,47075,OPTIDX,0,NIFTY-Oct2024-23200-PE,25.0,NIFTY 10 OCT 23200 PUT,2024-10-10 14:30:00,23200.0,PE,5.0,W,OP,,
NSE,D,47076,OPTIDX,0,NIFTY-Oct2024-23250-CE,25.0,NIFTY 10 OCT 23250 CALL,2024-10-10 14:30:00,23250.0,CE,5.0,W,OP,,
NSE,D,47078,OPTIDX,0,NIFTY-Oct2024-23250-PE,25.0,NIFTY 10 OCT 23250 PUT,2024-10-10 14:30:00,23250.0,PE,5.0,W,OP,,
NSE,D,47079,OPTIDX,0,NIFTY-Oct2024-23300-CE,25.0,NIFTY 10 OCT 23300 CALL,2024-10-10 14:30:00,23300.0,CE,5.0,W,OP,,
NSE,D,47080,OPTIDX,0,NIFTY-Oct2024-23300-PE,25.0,NIFTY 10 OCT 23300 PUT,2024-10-10 14:30:00,23300.0,PE,5.0,W,OP,,
NSE,D,47081,OPTIDX,0,NIFTY-Oct2024-23350-CE,25.0,NIFTY 10 OCT 23350 CALL,2024-10-10 14:30:00,23350.0,CE,5.0,W,OP,,
NSE,D,47082,OPTIDX,0,NIFTY-Oct2024-23350-PE,25.0,NIFTY 10 OCT 23350 PUT,2024-10-10 14:30:00,23350.0,PE,5.0,W,OP,,
NSE,D,47083,OPTIDX,0,NIFTY-Oct2024-23400-CE,25.0,NIFTY 10 OCT 23400 CALL,2024-10-10 14:30:00,23400.0,CE,5.0,W,OP,,
NSE,D,47084,OPTIDX,0,NIFTY-Oct2024-23400-PE,25.0,NIFTY 10 OCT 23400 PUT,2024-10-10 14:30:00,23400.0,PE,5.0,W,OP,,
NSE,D,47085,OPTIDX,0,NIFTY-Oct2024-23450-CE,25.0,NIFTY 10 OCT 23450 CALL,2024-10-10 14:30:00,23450.0,CE,5.0,W,OP,,
NSE,D,47086,OPTIDX,0,NIFTY-Oct2024-23450-PE,25.0,NIFTY 10 OCT 23450 PUT,2024-10-10 14:30:00,23450.0,PE,5.0,W,OP,,
NSE,D,47087,OPTIDX,0,NIFTY-Oct2024-23500-CE,25.0,NIFTY 10 OCT 23500 CALL,2024-10-10 14:30:00,23500.0,CE,5.0,W,OP,,
NSE,D,47089,OPTIDX,0,NIFTY-Oct2024-23500-PE,25.0,NIFTY 10 OCT 23500 PUT,2024-10-10 14:30:00,23500.0,PE,5.0,W,OP,,
NSE,D,47090,OPTIDX,0,NIFTY-Oct2024-23550-CE,25.0,NIFTY 10 OCT 23550 CALL,2024-10-10 14:30:00,23550.0,CE,5.0,W,OP,,
NSE,D,47091,OPTIDX,0,NIFTY-Oct2024-23550-PE,25.0,NIFTY 10 OCT 23550 PUT,2024-10-10 14:30:00,23550.0,PE,5.0,W,OP,,
NSE,D,47092,OPTIDX,0,NIFTY-Oct2024-23600-CE,25.0,NIFTY 10 OCT 23600 CALL,2024-10-10 14:30:00,23600.0,CE,5.0,W,OP,,
NSE,D,47093,OPTIDX,0,NIFTY-Oct2024-23600-PE,25.0,NIFTY 10 OCT 23600 PUT,2024-10-10 14:30:00,23600.0,PE,5.0,W,OP,,
NSE,D,47094,OPTIDX,0,NIFTY-Oct2024-23650-CE,25.0,NIFTY 10 OCT 23650 CALL,2024-10-10 14:30:00,23650.0,CE,5.0,W,OP,,
NSE,D,47095,OPTIDX,0,NIFTY-Oct2024-23650-PE,25.0,NIFTY 10 OCT 23650 PUT,2024-10-10 14:30:00,23650.0,PE,5.0,W,OP,,
NSE,D,47096,OPTIDX,0,NIFTY-Oct2024-23700-CE,25.0,NIFTY 10 OCT 23700 CALL,2024-10-10 14:30:00,23700.0,CE,5.0,W,OP,,
NSE,D,47097,OPTIDX,0,NIFTY-Oct2024-23700-PE,25.0,NIFTY 10 OCT 23700 PUT,2024-10-10 14:30:00,23700.0,PE,5.0,W,OP,,
NSE,D,47098,OPTIDX,0,NIFTY-Oct2024-23750-CE,25.0,NIFTY 10 OCT 23750 CALL,2024-10-10 14:30:00,23750.0,CE,5.0,W,OP,,
NSE,D,47099,OPTIDX,0,NIFTY-Oct2024-23750-PE,25.0,NIFTY 10 OCT 23750 PUT,2024-10-10 14:30:00,23750.0,PE,5.0,W,OP,,
NSE,D,47100,OPTIDX,0,NIFTY-Oct2024-23800-CE,25.0,NIFTY 10 OCT 23800 CALL,2024-10-10 14:30:00,23800.0,CE,5.0,W,OP,,
NSE,D,47101,OPTIDX,0,NIFTY-Oct2024-23800-PE,25.0,NIFTY 10 OCT 23800 PUT,2024-10-10 14:30:00,23800.0,PE,5.0,W,OP,,
NSE,D,47102,OPTIDX,0,NIFTY-Oct2024-23850-CE,25.0,NIFTY 10 OCT 23850 CALL,2024-10-10 14:30:00,23850.0,CE,5.0,W,OP,,
NSE,D,47105,OPTIDX,0,NIFTY-Oct2024-23850-PE,25.0,NIFTY 10 OCT 23850 PUT,2024-10-10 14:30:00,23850.0,PE,5.0,W,OP,,
NSE,D,47106,OPTIDX,0,NIFTY-Oct2024-23900-CE,25.0,NIFTY 10 OCT 23900 CALL,2024-10-10 14:30:00,23900.0,CE,5.0,W,OP,,
NSE,D,47108,OPTIDX,0,NIFTY-Oct2024-23900-PE,25.0,NIFTY 10 OCT 23900 PUT,2024-10-10 14:30:00,23900.0,PE,5.0,W,OP,,
NSE,D,47109,OPTIDX,0,NIFTY-Oct2024-23950-CE,25.0,NIFTY 10 OCT 23950 CALL,2024-10-10 14:30:00,23950.0,CE,5.0,W,OP,,
NSE,D,47110,OPTIDX,0,NIFTY-Oct2024-23950-PE,25.0,NIFTY 10 OCT 23950 PUT,2024-10-10 14:30:00,23950.0,PE,5.0,W,OP,,
NSE,D,47111,OPTIDX,0,NIFTY-Oct2024-24000-CE,25.0,NIFTY 10 OCT 24000 CALL,2024-10-10 14:30:00,24000.0,CE,5.0,W,OP,,
NSE,D,47115,OPTIDX,0,NIFTY-Oct2024-24000-PE,25.0,NIFTY 10 OCT 24000 PUT,2024-10-10 14:30:00,24000.0,PE,5.0,W,OP,,
NSE,D,47116,OPTIDX,0,NIFTY-Oct2024-24050-CE,25.0,NIFTY 10 OCT 24050 CALL,2024-10-10 14:30:00,24050.0,CE,5.0,W,OP,,
NSE,D,47117,OPTIDX,0,NIFTY-Oct2024-24050-PE,25.0,NIFTY 10 OCT 24050 PUT,2024-10-10 14:30:00,24050.0,PE,5.0,W,OP,,
NSE,D,47118,OPTIDX,0,NIFTY-Oct2024-24100-CE,25.0,NIFTY 10 OCT 24100 CALL,2024-10-10 14:30:00,24100.0,CE,5.0,W,OP,,
NSE,D,47119,OPTIDX,0,NIFTY-Oct2024-24100-PE,25.0,NIFTY 10 OCT 24100 PUT,2024-10-10 14:30:00,24100.0,PE,5.0,W,OP,,
NSE,D,47120,OPTIDX,0,NIFTY-Oct2024-24150-CE,25.0,NIFTY 10 OCT 24150 CALL,2024-10-10 14:30:00,24150.0,CE,5.0,W,OP,,
NSE,D,47121,OPTIDX,0,NIFTY-Oct2024-24150-PE,25.0,NIFTY 10 OCT 24150 PUT,2024-10-10 14:30:00,24150.0,PE,5.0,W,OP,,
NSE,D,47122,OPTIDX,0,NIFTY-Oct2024-24200-CE,25.0,NIFTY 10 OCT 24200 CALL,2024-10-10 14:30:00,24200.0,CE,5.0,W,OP,,
NSE,D,47123,OPTIDX,0,NIFTY-Oct2024-24200-PE,25.0,NIFTY 10 OCT 24200 PUT,2024-10-10 14:30:00,24200.0,PE,5.0,W,OP,,
NSE,D,47124,OPTIDX,0,NIFTY-Oct2024-24250-CE,25.0,NIFTY 10 OCT 24250 CALL,2024-10-10 14:30:00,24250.0,CE,5.0,W,OP,,
NSE,D,47125,OPTIDX,0,NIFTY-Oct2024-24250-PE,25.0,NIFTY 10 OCT 24250 PUT,2024-10-10 14:30:00,24250.0,PE,5.0,W,OP,,
NSE,D,47126,OPTIDX,0,NIFTY-Oct2024-24300-CE,25.0,NIFTY 10 OCT 24300 CALL,2024-10-10 14:30:00,24300.0,CE,5.0,W,OP,,
NSE,D,47127,OPTIDX,0,NIFTY-Oct2024-24300-PE,25.0,NIFTY 10 OCT 24300 PUT,2024-10-10 14:30:00,24300.0,PE,5.0,W,OP,,
NSE,D,47128,OPTIDX,0,NIFTY-Oct2024-24350-CE,25.0,NIFTY 10 OCT 24350 CALL,2024-10-10 14:30:00,24350.0,CE,5.0,W,OP,,
NSE,D,47129,OPTIDX,0,NIFTY-Oct2024-24350-PE,25.0,NIFTY 10 OCT 24350 PUT,2024-10-10 14:30:00,24350.0,PE,5.0,W,OP,,
NSE,D,47130,OPTIDX,0,NIFTY-Oct2024-24400-CE,25.0,NIFTY 10 OCT 24400 CALL,2024-10-10 14:30:00,24400.0,CE,5.0,W,OP,,
NSE,D,47131,OPTIDX,0,NIFTY-Oct2024-24400-PE,25.0,NIFTY 10 OCT 24400 PUT,2024-10-10 14:30:00,24400.0,PE,5.0,W,OP,,
NSE,D,47132,OPTIDX,0,NIFTY-Oct2024-24450-CE,25.0,NIFTY 10 OCT 24450 CALL,2024-10-10 14:30:00,24450.0,CE,5.0,W,OP,,
NSE,D,47133,OPTIDX,0,NIFTY-Oct2024-24450-PE,25.0,NIFTY 10 OCT 24450 PUT,2024-10-10 14:30:00,24450.0,PE,5.0,W,OP,,
NSE,D,47134,OPTIDX,0,NIFTY-Oct2024-24500-CE,25.0,NIFTY 10 OCT 24500 CALL,2024-10-10 14:30:00,24500.0,CE,5.0,W,OP,,
NSE,D,47135,OPTIDX,0,NIFTY-Oct2024-24500-PE,25.0,NIFTY 10 OCT 24500 PUT,2024-10-10 14:30:00,24500.0,PE,5.0,W,OP,,
NSE,D,47136,OPTIDX,0,NIFTY-Oct2024-24550-CE,25.0,NIFTY 10 OCT 24550 CALL,2024-10-10 14:30:00,24550.0,CE,5.0,W,OP,,
NSE,D,47137,OPTIDX,0,NIFTY-Oct2024-24550-PE,25.0,NIFTY 10 OCT 24550 PUT,2024-10-10 14:30:00,24550.0,PE,5.0,W,OP,,
NSE,D,47140,OPTIDX,0,NIFTY-Oct2024-24600-CE,25.0,NIFTY 10 OCT 24600 CALL,2024-10-10 14:30:00,24600.0,CE,5.0,W,OP,,
NSE,D,47141,OPTIDX,0,NIFTY-Oct2024-24600-PE,25.0,NIFTY 10 OCT 24600 PUT,2024-10-10 14:30:00,24600.0,PE,5.0,W,OP,,
NSE,D,47142,OPTIDX,0,NIFTY-Oct2024-24650-CE,25.0,NIFTY 10 OCT 24650 CALL,2024-10-10 14:30:00,24650.0,CE,5.0,W,OP,,
NSE,D,47143,OPTIDX,0,NIFTY-Oct2024-24650-PE,25.0,NIFTY 10 OCT 24650 PUT,2024-10-10 14:30:00,24650.0,PE,5.0,W,OP,,
NSE,D,47146,OPTIDX,0,NIFTY-Oct2024-24700-CE,25.0,NIFTY 10 OCT 24700 CALL,2024-10-10 14:30:00,24700.0,CE,5.0,W,OP,,
NSE,D,47147,OPTIDX,0,NIFTY-Oct2024-24700-PE,25.0,NIFTY 10 OCT 24700 PUT,2024-10-10 14:30:00,24700.0,PE,5.0,W,OP,,
NSE,D,47148,OPTIDX,0,NIFTY-Oct2024-24750-CE,25.0,NIFTY 10 OCT 24750 CALL,2024-10-10 14:30:00,24750.0,CE,5.0,W,OP,,
NSE,D,47149,OPTIDX,0,NIFTY-Oct2024-24750-PE,25.0,NIFTY 10 OCT 24750 PUT,2024-10-10 14:30:00,24750.0,PE,5.0,W,OP,,
NSE,D,47150,OPTIDX,0,NIFTY-Oct2024-24800-CE,25.0,NIFTY 10 OCT 24800 CALL,2024-10-10 14:30:00,24800.0,CE,5.0,W,OP,,
NSE,D,47151,OPTIDX,0,NIFTY-Oct2024-24800-PE,25.0,NIFTY 10 OCT 24800 PUT,2024-10-10 14:30:00,24800.0,PE,5.0,W,OP,,
NSE,D,47154,OPTIDX,0,NIFTY-Oct2024-24850-CE,25.0,NIFTY 10 OCT 24850 CALL,2024-10-10 14:30:00,24850.0,CE,5.0,W,OP,,
NSE,D,47159,OPTIDX,0,NIFTY-Oct2024-24850-PE,25.0,NIFTY 10 OCT 24850 PUT,2024-10-10 14:30:00,24850.0,PE,5.0,W,OP,,
NSE,D,47160,OPTIDX,0,NIFTY-Oct2024-24900-CE,25.0,NIFTY 10 OCT 24900 CALL,2024-10-10 14:30:00,24900.0,CE,5.0,W,OP,,
NSE,D,47165,OPTIDX,0,NIFTY-Oct2024-24900-PE,25.0,NIFTY 10 OCT 24900 PUT,2024-10-10 14:30:00,24900.0,PE,5.0,W,OP,,
NSE,D,47166,OPTIDX,0,NIFTY-Oct2024-24950-CE,25.0,NIFTY 10 OCT 24950 CALL,2024-10-10 14:30:00,24950.0,CE,5.0,W,OP,,
NSE,D,47167,OPTIDX,0,NIFTY-Oct2024-24950-PE,25.0,NIFTY 10 OCT 24950 PUT,2024-10-10 14:30:00,24950.0,PE,5.0,W,OP,,
NSE,D,47168,OPTIDX,0,NIFTY-Oct2024-25000-CE,25.0,NIFTY 10 OCT 25000 CALL,2024-10-10 14:30:00,25000.0,CE,5.0,W,OP,,
NSE,D,47171,OPTIDX,0,NIFTY-Oct2024-25000-PE,25.0,NIFTY 10 OCT 25000 PUT,2024-10-10 14:30:00,25000.0,PE,5.0,W,OP,,
NSE,D,47172,OPTIDX,0,NIFTY-Oct2024-25050-CE,25.0,NIFTY 10 OCT 25050 CALL,2024-10-10 14:30:00,25050.0,CE,5.0,W,OP,,
NSE,D,47173,OPTIDX,0,NIFTY-Oct2024-25050-PE,25.0,NIFTY 10 OCT 25050 PUT,2024-10-10 14:30:00,25050.0,PE,5.0,W,OP,,
NSE,D,48516,OPTIDX,0,NIFTY-Oct2024-25100-CE,25.0,NIFTY 10 OCT 25100 CALL,2024-10-10 14:30:00,25100.0,CE,5.0,W,OP,,
NSE,D,48528,OPTIDX,0,NIFTY-Oct2024-25100-PE,25.0,NIFTY 10 OCT 25100 PUT,2024-10-10 14:30:00,25100.0,PE,5.0,W,OP,,
NSE,D,48530,OPTIDX,0,NIFTY-Oct2024-25150-CE,25.0,NIFTY 10 OCT 25150 CALL,2024-10-10 14:30:00,25150.0,CE,5.0,W,OP,,
NSE,D,48531,OPTIDX,0,NIFTY-Oct2024-25150-PE,25.0,NIFTY 10 OCT 25150 PUT,2024-10-10 14:30:00,25150.0,PE,5.0,W,OP,,
NSE,D,48534,OPTIDX,0,NIFTY-Oct2024-25200-CE,25.0,NIFTY 10 OCT 25200 CALL,2024-10-10 14:30:00,25200.0,CE,5.0,W,OP,,
NSE,D,48536,OPTIDX,0,NIFTY-Oct2024-25200-PE,25.0,NIFTY 10 OCT 25200 PUT,2024-10-10 14:30:00,25200.0,PE,5.0,W,OP,,
NSE,D,48537,OPTIDX,0,NIFTY-Oct2024-25250-CE,25.0,NIFTY 10 OCT 25250 CALL,2024-10-10 14:30:00,25250.0,CE,5.0,W,OP,,
NSE,D,48538,OPTIDX,0,NIFTY-Oct2024-25250-PE,25.0,NIFTY 10 OCT 25250 PUT,2024-10-10 14:30:00,25250.0,PE,5.0,W,OP,,
NSE,D,48539,OPTIDX,0,NIFTY-Oct2024-25300-CE,25.0,NIFTY 10 OCT 25300 CALL,2024-10-10 14:30:00,25300.0,CE,5.0,W,OP,,
NSE,D,48542,OPTIDX,0,NIFTY-Oct2024-25300-PE,25.0,NIFTY 10 OCT 25300 PUT,2024-10-10 14:30:00,25300.0,PE,5.0,W,OP,,
NSE,D,48641,OPTIDX,0,NIFTY-Oct2024-25350-CE,25.0,NIFTY 10 OCT 25350 CALL,2024-10-10 14:30:00,25350.0,CE,5.0,W,OP,,
NSE,D,48642,OPTIDX,0,NIFTY-Oct2024-25350-PE,25.0,NIFTY 10 OCT 25350 PUT,2024-10-10 14:30:00,25350.0,PE,5.0,W,OP,,
NSE,D,48648,OPTIDX,0,NIFTY-Oct2024-25400-CE,25.0,NIFTY 10 OCT 25400 CALL,2024-10-10 14:30:00,25400.0,CE,5.0,W,OP,,
NSE,D,48649,OPTIDX,0,NIFTY-Oct2024-25400-PE,25.0,NIFTY 10 OCT 25400 PUT,2024-10-10 14:30:00,25400.0,PE,5.0,W,OP,,
NSE,D,48650,OPTIDX,0,NIFTY-Oct2024-25450-CE,25.0,NIFTY 10 OCT 25450 CALL,2024-10-10 14:30:00,25450.0,CE,5.0,W,OP,,
NSE,D,48651,OPTIDX,0,NIFTY-Oct2024-25450-PE,25.0,NIFTY 10 OCT 25450 PUT,2024-10-10 14:30:00,25450.0,PE,5.0,W,OP,,
NSE,D,48652,OPTIDX,0,NIFTY-Oct2024-25500-CE,25.0,NIFTY 10 OCT 25500 CALL,2024-10-10 14:30:00,25500.0,CE,5.0,W,OP,,
NSE,D,48653,OPTIDX,0,NIFTY-Oct2024-25500-PE,25.0,NIFTY 10 OCT 25500 PUT,2024-10-10 14:30:00,25500.0,PE,5.0,W,OP,,
NSE,D,49023,OPTIDX,0,NIFTY-Oct2024-25550-CE,25.0,NIFTY 10 OCT 25550 CALL,2024-10-10 14:30:00,25550.0,CE,5.0,W,OP,,
NSE,D,49024,OPTIDX,0,NIFTY-Oct2024-25550-PE,25.0,NIFTY 10 OCT 25550 PUT,2024-10-10 14:30:00,25550.0,PE,5.0,W,OP,,
NSE,D,49075,OPTIDX,0,NIFTY-Oct2024-25600-CE,25.0,NIFTY 10 OCT 25600 CALL,2024-10-10 14:30:00,25600.0,CE,5.0,W,OP,,
NSE,D,49076,OPTIDX,0,NIFTY-Oct2024-25600-PE,25.0,NIFTY 10 OCT 25600 PUT,2024-10-10 14:30:00,25600.0,PE,5.0,W,OP,,
NSE,D,49081,OPTIDX,0,NIFTY-Oct2024-25650-CE,25.0,NIFTY 10 OCT 25650 CALL,2024-10-10 14:30:00,25650.0,CE,5.0,W,OP,,
NSE,D,49082,OPTIDX,0,NIFTY-Oct2024-25650-PE,25.0,NIFTY 10 OCT 25650 PUT,2024-10-10 14:30:00,25650.0,PE,5.0,W,OP,,
NSE,D,49083,OPTIDX,0,NIFTY-Oct2024-25700-CE,25.0,NIFTY 10 OCT 25700 CALL,2024-10-10 14:30:00,25700.0,CE,5.0,W,OP,,
NSE,D,49084,OPTIDX,0,NIFTY-Oct2024-25700-PE,25.0,NIFTY 10 OCT 25700 PUT,2024-10-10 14:30:00,25700.0,PE,5.0,W,OP,,
NSE,D,49085,OPTIDX,0,NIFTY-Oct2024-25750-CE,25.0,NIFTY 10 OCT 25750 CALL,2024-10-10 14:30:00,25750.0,CE,5.0,W,OP,,
NSE,D,49086,OPTIDX,0,NIFTY-Oct2024-25750-PE,25.0,NIFTY 10 OCT 25750 PUT,2024-10-10 14:30:00,25750.0,PE,5.0,W,OP,,
NSE,D,49832,OPTIDX,0,NIFTY-Oct2024-25800-CE,25.0,NIFTY 10 OCT 25800 CALL,2024-10-10 14:30:00,25800.0,CE,5.0,W,OP,,
NSE,D,49833,OPTIDX,0,NIFTY-Oct2024-25800-PE,25.0,NIFTY 10 OCT 25800 PUT,2024-10-10 14:30:00,25800.0,PE,5.0,W,OP,,
NSE,D,50142,OPTIDX,0,NIFTY-Oct2024-25850-CE,25.0,NIFTY 10 OCT 25850 CALL,2024-10-10 14:30:00,25850.0,CE,5.0,W,OP,,
NSE,D,50143,OPTIDX,0,NIFTY-Oct2024-25850-PE,25.0,NIFTY 10 OCT 25850 PUT,2024-10-10 14:30:00,25850.0,PE,5.0,W,OP,,
NSE,D,50144,OPTIDX,0,NIFTY-Oct2024-25900-CE,25.0,NIFTY 10 OCT 25900 CALL,2024-10-10 14:30:00,25900.0,CE,5.0,W,OP,,
NSE,D,50145,OPTIDX,0,NIFTY-Oct2024-25900-PE,25.0,NIFTY 10 OCT 25900 PUT,2024-10-10 14:30:00,25900.0,PE,5.0,W,OP,,
NSE,D,50146,OPTIDX,0,NIFTY-Oct2024-25950-CE,25.0,NIFTY 10 OCT 25950 CALL,2024-10-10 14:30:00,25950.0,CE,5.0,W,OP,,
NSE,D,50147,OPTIDX,0,NIFTY-Oct2024-25950-PE,25.0,NIFTY 10 OCT 25950 PUT,2024-10-10 14:30:00,25950.0,PE,5.0,W,OP,,
NSE,D,50148,OPTIDX,0,NIFTY-Oct2024-26000-CE,25.0,NIFTY 10 OCT 26000 CALL,2024-10-10 14:30:00,26000.0,CE,5.0,W,OP,,
NSE,D,50149,OPTIDX,0,NIFTY-Oct2024-26000-PE,25.0,NIFTY 10 OCT 26000 PUT,2024-10-10 14:30:00,26000.0,PE,5.0,W,OP,,
NSE,D,50150,OPTIDX,0,NIFTY-Oct2024-26050-CE,25.0,NIFTY 10 OCT 26050 CALL,2024-10-10 14:30:00,26050.0,CE,5.0,W,OP,,
NSE,D,50151,OPTIDX,0,NIFTY-Oct2024-26050-PE,25.0,NIFTY 10 OCT 26050 PUT,2024-10-10 14:30:00,26050.0,PE,5.0,W,OP,,
NSE,D,50164,OPTIDX,0,NIFTY-Oct2024-26100-CE,25.0,NIFTY 10 OCT 26100 CALL,2024-10-10 14:30:00,26100.0,CE,5.0,W,OP,,
NSE,D,50165,OPTIDX,0,NIFTY-Oct2024-26100-PE,25.0,NIFTY 10 OCT 26100 PUT,2024-10-10 14:30:00,26100.0,PE,5.0,W,OP,,
NSE,D,50166,OPTIDX,0,NIFTY-Oct2024-26150-CE,25.0,NIFTY 10 OCT 26150 CALL,2024-10-10 14:30:00,26150.0,CE,5.0,W,OP,,
NSE,D,50167,OPTIDX,0,NIFTY-Oct2024-26150-PE,25.0,NIFTY 10 OCT 26150 PUT,2024-10-10 14:30:00,26150.0,PE,5.0,W,OP,,
NSE,D,50168,OPTIDX,0,NIFTY-Oct2024-26200-CE,25.0,NIFTY 10 OCT 26200 CALL,2024-10-10 14:30:00,26200.0,CE,5.0,W,OP,,
NSE,D,50169,OPTIDX,0,NIFTY-Oct2024-26200-PE,25.0,NIFTY 10 OCT 26200 PUT,2024-10-10 14:30:00,26200.0,PE,5.0,W,OP,,
NSE,D,50170,OPTIDX,0,NIFTY-Oct2024-26250-CE,25.0,NIFTY 10 OCT 26250 CALL,2024-10-10 14:30:00,26250.0,CE,5.0,W,OP,,
NSE,D,50171,OPTIDX,0,NIFTY-Oct2024-26250-PE,25.0,NIFTY 10 OCT 26250 PUT,2024-10-10 14:30:00,26250.0,PE,5.0,W,OP,,
NSE,D,50172,OPTIDX,0,NIFTY-Oct2024-26300-CE,25.0,NIFTY 10 OCT 26300 CALL,2024-10-10 14:30:00,26300.0,CE,5.0,W,OP,,
NSE,D,50173,OPTIDX,0,NIFTY-Oct2024-26300-PE,25.0,NIFTY 10 OCT 26300 PUT,2024-10-10 14:30:00,26300.0,PE,5.0,W,OP,,
NSE,D,50174,OPTIDX,0,NIFTY-Oct2024-26350-CE,25.0,NIFTY 10 OCT 26350 CALL,2024-10-10 14:30:00,26350.0,CE,5.0,W,OP,,
NSE,D,50175,OPTIDX,0,NIFTY-Oct2024-26350-PE,25.0,NIFTY 10 OCT 26350 PUT,2024-10-10 14:30:00,26350.0,PE,5.0,W,OP,,
NSE,D,50176,OPTIDX,0,NIFTY-Oct2024-26400-CE,25.0,NIFTY 10 OCT 26400 CALL,2024-10-10 14:30:00,26400.0,CE,5.0,W,OP,,
NSE,D,50177,OPTIDX,0,NIFTY-Oct2024-26400-PE,25.0,NIFTY 10 OCT 26400 PUT,2024-10-10 14:30:00,26400.0,PE,5.0,W,OP,,
NSE,D,50178,OPTIDX,0,NIFTY-Oct2024-26450-CE,25.0,NIFTY 10 OCT 26450 CALL,2024-10-10 14:30:00,26450.0,CE,5.0,W,OP,,
NSE,D,50179,OPTIDX,0,NIFTY-Oct2024-26450-PE,25.0,NIFTY 10 OCT 26450 PUT,2024-10-10 14:30:00,26450.0,PE,5.0,W,OP,,
NSE,D,50180,OPTIDX,0,NIFTY-Oct2024-26500-CE,25.0,NIFTY 10 OCT 26500 CALL,2024-10-10 14:30:00,26500.0,CE,5.0,W,OP,,
NSE,D,50181,OPTIDX,0,NIFTY-Oct2024-26500-PE,25.0,NIFTY 10 OCT 26500 PUT,2024-10-10 14:30:00,26500.0,PE,5.0,W,OP,,
NSE,D,50182,OPTIDX,0,NIFTY-Oct2024-26550-CE,25.0,NIFTY 10 OCT 26550 CALL,2024-10-10 14:30:00,26550.0,CE,5.0,W,OP,,
NSE,D,50183,OPTIDX,0,NIFTY-Oct2024-26550-PE,25.0,NIFTY 10 OCT 26550 PUT,2024-10-10 14:30:00,26550.0,PE,5.0,W,OP,,
NSE,D,50185,OPTIDX,0,NIFTY-Oct2024-26600-CE,25.0,NIFTY 10 OCT 26600 CALL,2024-10-10 14:30:00,26600.0,CE,5.0,W,OP,,
NSE,D,50187,OPTIDX,0,NIFTY-Oct2024-26600-PE,25.0,NIFTY 10 OCT 26600 PUT,2024-10-10 14:30:00,26600.0,PE,5.0,W,OP,,
NSE,D,50188,OPTIDX,0,NIFTY-Oct2024-26650-CE,25.0,NIFTY 10 OCT 26650 CALL,2024-10-10 14:30:00,26650.0,CE,5.0,W,OP,,
NSE,D,50198,OPTIDX,0,NIFTY-Oct2024-26650-PE,25.0,NIFTY 10 OCT 26650 PUT,2024-10-10 14:30:00,26650.0,PE,5.0,W,OP,,
NSE,D,50222,OPTIDX,0,NIFTY-Oct2024-26700-CE,25.0,NIFTY 10 OCT 26700 CALL,2024-10-10 14:30:00,26700.0,CE,5.0,W,OP,,
NSE,D,50223,OPTIDX,0,NIFTY-Oct2024-26700-PE,25.0,NIFTY 10 OCT 26700 PUT,2024-10-10 14:30:00,26700.0,PE,5.0,W,OP,,
NSE,D,50226,OPTIDX,0,NIFTY-Oct2024-26750-CE,25.0,NIFTY 10 OCT 26750 CALL,2024-10-10 14:30:00,26750.0,CE,5.0,W,OP,,
NSE,D,50227,OPTIDX,0,NIFTY-Oct2024-26750-PE,25.0,NIFTY 10 OCT 26750 PUT,2024-10-10 14:30:00,26750.0,PE,5.0,W,OP,,
NSE,D,50229,OPTIDX,0,NIFTY-Oct2024-26800-CE,25.0,NIFTY 10 OCT 26800 CALL,2024-10-10 14:30:00,26800.0,CE,5.0,W,OP,,
NSE,D,50231,OPTIDX,0,NIFTY-Oct2024-26800-PE,25.0,NIFTY 10 OCT 26800 PUT,2024-10-10 14:30:00,26800.0,PE,5.0,W,OP,,
NSE,D,50232,OPTIDX,0,NIFTY-Oct2024-26850-CE,25.0,NIFTY 10 OCT 26850 CALL,2024-10-10 14:30:00,26850.0,CE,5.0,W,OP,,
NSE,D,50234,OPTIDX,0,NIFTY-Oct2024-26850-PE,25.0,NIFTY 10 OCT 26850 PUT,2024-10-10 14:30:00,26850.0,PE,5.0,W,OP,,
NSE,D,50235,OPTIDX,0,NIFTY-Oct2024-26900-CE,25.0,NIFTY 10 OCT 26900 CALL,2024-10-10 14:30:00,26900.0,CE,5.0,W,OP,,
NSE,D,50236,OPTIDX,0,NIFTY-Oct2024-26900-PE,25.0,NIFTY 10 OCT 26900 PUT,2024-10-10 14:30:00,26900.0,PE,5.0,W,OP,,
NSE,D,50237,OPTIDX,0,NIFTY-Oct2024-26950-CE,25.0,NIFTY 10 OCT 26950 CALL,2024-10-10 14:30:00,26950.0,CE,5.0,W,OP,,
NSE,D,50241,OPTIDX,0,NIFTY-Oct2024-26950-PE,25.0,NIFTY 10 OCT 26950 PUT,2024-10-10 14:30:00,26950.0,PE,5.0,W,OP,,
NSE,D,50243,OPTIDX,0,NIFTY-Oct2024-27000-CE,25.0,NIFTY 10 OCT 27000 CALL,2024-10-10 14:30:00,27000.0,CE,5.0,W,OP,,
NSE,D,50250,OPTIDX,0,NIFTY-Oct2024-27000-PE,25.0,NIFTY 10 OCT 27000 PUT,2024-10-10 14:30:00,27000.0,PE,5.0,W,OP,,
NSE,D,50251,OPTIDX,0,NIFTY-Oct2024-27050-CE,25.0,NIFTY 10 OCT 27050 CALL,2024-10-10 14:30:00,27050.0,CE,5.0,W,OP,,
NSE,D,50252,OPTIDX,0,NIFTY-Oct2024-27050-PE,25.0,NIFTY 10 OCT 27050 PUT,2024-10-10 14:30:00,27050.0,PE,5.0,W,OP,,
NSE,D,50253,OPTIDX,0,NIFTY-Oct2024-27100-CE,25.0,NIFTY 10 OCT 27100 CALL,2024-10-10 14:30:00,27100.0,CE,5.0,W,OP,,
NSE,D,50256,OPTIDX,0,NIFTY-Oct2024-27100-PE,25.0,NIFTY 10 OCT 27100 PUT,2024-10-10 14:30:00,27100.0,PE,5.0,W,OP,,
NSE,D,50257,OPTIDX,0,NIFTY-Oct2024-27150-CE,25.0,NIFTY 10 OCT 27150 CALL,2024-10-10 14:30:00,27150.0,CE,5.0,W,OP,,
NSE,D,50258,OPTIDX,0,NIFTY-Oct2024-27150-PE,25.0,NIFTY 10 OCT 27150 PUT,2024-10-10 14:30:00,27150.0,PE,5.0,W,OP,,
NSE,D,50259,OPTIDX,0,NIFTY-Oct2024-27200-CE,25.0,NIFTY 10 OCT 27200 CALL,2024-10-10 14:30:00,27200.0,CE,5.0,W,OP,,
NSE,D,50269,OPTIDX,0,NIFTY-Oct2024-27200-PE,25.0,NIFTY 10 OCT 27200 PUT,2024-10-10 14:30:00,27200.0,PE,5.0,W,OP,,
NSE,D,50272,OPTIDX,0,NIFTY-Oct2024-27250-CE,25.0,NIFTY 10 OCT 27250 CALL,2024-10-10 14:30:00,27250.0,CE,5.0,W,OP,,
NSE,D,50274,OPTIDX,0,NIFTY-Oct2024-27250-PE,25.0,NIFTY 10 OCT 27250 PUT,2024-10-10 14:30:00,27250.0,PE,5.0,W,OP,,
NSE,D,50275,OPTIDX,0,NIFTY-Oct2024-27300-CE,25.0,NIFTY 10 OCT 27300 CALL,2024-10-10 14:30:00,27300.0,CE,5.0,W,OP,,
NSE,D,50284,OPTIDX,0,NIFTY-Oct2024-27300-PE,25.0,NIFTY 10 OCT 27300 PUT,2024-10-10 14:30:00,27300.0,PE,5.0,W,OP,,
NSE,D,50285,OPTIDX,0,NIFTY-Oct2024-27350-CE,25.0,NIFTY 10 OCT 27350 CALL,2024-10-10 14:30:00,27350.0,CE,5.0,W,OP,,
NSE,D,50286,OPTIDX,0,NIFTY-Oct2024-27350-PE,25.0,NIFTY 10 OCT 27350 PUT,2024-10-10 14:30:00,27350.0,PE,5.0,W,OP,,
NSE,D,50287,OPTIDX,0,NIFTY-Oct2024-27400-CE,25.0,NIFTY 10 OCT 27400 CALL,2024-10-10 14:30:00,27400.0,CE,5.0,W,OP,,
NSE,D,50288,OPTIDX,0,NIFTY-Oct2024-27400-PE,25.0,NIFTY 10 OCT 27400 PUT,2024-10-10 14:30:00,27400.0,PE,5.0,W,OP,,
NSE,D,50291,OPTIDX,0,NIFTY-Oct2024-27450-CE,25.0,NIFTY 10 OCT 27450 CALL,2024-10-10 14:30:00,27450.0,CE,5.0,W,OP,,
NSE,D,50292,OPTIDX,0,NIFTY-Oct2024-27450-PE,25.0,NIFTY 10 OCT 27450 PUT,2024-10-10 14:30:00,27450.0,PE,5.0,W,OP,,
NSE,D,50296,OPTIDX,0,NIFTY-Oct2024-27500-CE,25.0,NIFTY 10 OCT 27500 CALL,2024-10-10 14:30:00,27500.0,CE,5.0,W,OP,,
NSE,D,50297,OPTIDX,0,NIFTY-Oct2024-27500-PE,25.0,NIFTY 10 OCT 27500 PUT,2024-10-10 14:30:00,27500.0,PE,5.0,W,OP,,
NSE,D,50305,OPTIDX,0,NIFTY-Oct2024-27550-CE,25.0,NIFTY 10 OCT 27550 CALL,2024-10-10 14:30:00,27550.0,CE,5.0,W,OP,,
NSE,D,50312,OPTIDX,0,NIFTY-Oct2024-27550-PE,25.0,NIFTY 10 OCT 27550 PUT,2024-10-10 14:30:00,27550.0,PE,5.0,W,OP,,
NSE,D,50317,OPTIDX,0,NIFTY-Oct2024-27600-CE,25.0,NIFTY 10 OCT 27600 CALL,2024-10-10 14:30:00,27600.0,CE,5.0,W,OP,,
NSE,D,50320,OPTIDX,0,NIFTY-Oct2024-27600-PE,25.0,NIFTY 10 OCT 27600 PUT,2024-10-10 14:30:00,27600.0,PE,5.0,W,OP,,
NSE,D,50321,OPTIDX,0,NIFTY-Oct2024-27650-CE,25.0,NIFTY 10 OCT 27650 CALL,2024-10-10 14:30:00,27650.0,CE,5.0,W,OP,,
NSE,D,50355,OPTIDX,0,NIFTY-Oct2024-27650-PE,25.0,NIFTY 10 OCT 27650 PUT,2024-10-10 14:30:00,27650.0,PE,5.0,W,OP,,
NSE,D,50360,OPTIDX,0,NIFTY-Oct2024-27700-CE,25.0,NIFTY 10 OCT 27700 CALL,2024-10-10 14:30:00,27700.0,CE,5.0,W,OP,,
NSE,D,50368,OPTIDX,0,NIFTY-Oct2024-27700-PE,25.0,NIFTY 10 OCT 27700 PUT,2024-10-10 14:30:00,27700.0,PE,5.0,W,OP,,
NSE,D,50369,OPTIDX,0,NIFTY-Oct2024-27750-CE,25.0,NIFTY 10 OCT 27750 CALL,2024-10-10 14:30:00,27750.0,CE,5.0,W,OP,,
NSE,D,50372,OPTIDX,0,NIFTY-Oct2024-27750-PE,25.0,NIFTY 10 OCT 27750 PUT,2024-10-10 14:30:00,27750.0,PE,5.0,W,OP,,
NSE,D,50373,OPTIDX,0,NIFTY-Oct2024-27800-CE,25.0,NIFTY 10 OCT 27800 CALL,2024-10-10 14:30:00,27800.0,CE,5.0,W,OP,,
NSE,D,50377,OPTIDX,0,NIFTY-Oct2024-27800-PE,25.0,NIFTY 10 OCT 27800 PUT,2024-10-10 14:30:00,27800.0,PE,5.0,W,OP,,
NSE,D,50405,OPTIDX,0,NIFTY-Oct2024-27850-CE,25.0,NIFTY 10 OCT 27850 CALL,2024-10-10 14:30:00,27850.0,CE,5.0,W,OP,,
NSE,D,50406,OPTIDX,0,NIFTY-Oct2024-27850-PE,25.0,NIFTY 10 OCT 27850 PUT,2024-10-10 14:30:00,27850.0,PE,5.0,W,OP,,
NSE,D,50407,OPTIDX,0,NIFTY-Oct2024-27900-CE,25.0,NIFTY 10 OCT 27900 CALL,2024-10-10 14:30:00,27900.0,CE,5.0,W,OP,,
NSE,D,50412,OPTIDX,0,NIFTY-Oct2024-27900-PE,25.0,NIFTY 10 OCT 27900 PUT,2024-10-10 14:30:00,27900.0,PE,5.0,W,OP,,
NSE,D,50415,OPTIDX,0,NIFTY-Oct2024-27950-CE,25.0,NIFTY 10 OCT 27950 CALL,2024-10-10 14:30:00,27950.0,CE,5.0,W,OP,,
NSE,D,50420,OPTIDX,0,NIFTY-Oct2024-27950-PE,25.0,NIFTY 10 OCT 27950 PUT,2024-10-10 14:30:00,27950.0,PE,5.0,W,OP,,
NSE,D,50421,OPTIDX,0,NIFTY-Oct2024-28000-CE,25.0,NIFTY 10 OCT 28000 CALL,2024-10-10 14:30:00,28000.0,CE,5.0,W,OP,,
NSE,D,50430,OPTIDX,0,NIFTY-Oct2024-28000-PE,25.0,NIFTY 10 OCT 28000 PUT,2024-10-10 14:30:00,28000.0,PE,5.0,W,OP,,
NSE,D,50466,OPTIDX,0,NIFTY-Oct2024-28050-CE,25.0,NIFTY 10 OCT 28050 CALL,2024-10-10 14:30:00,28050.0,CE,5.0,W,OP,,
NSE,D,50467,OPTIDX,0,NIFTY-Oct2024-28050-PE,25.0,NIFTY 10 OCT 28050 PUT,2024-10-10 14:30:00,28050.0,PE,5.0,W,OP,,
NSE,D,50468,OPTIDX,0,NIFTY-Oct2024-28100-CE,25.0,NIFTY 10 OCT 28100 CALL,2024-10-10 14:30:00,28100.0,CE,5.0,W,OP,,
NSE,D,50469,OPTIDX,0,NIFTY-Oct2024-28100-PE,25.0,NIFTY 10 OCT 28100 PUT,2024-10-10 14:30:00,28100.0,PE,5.0,W,OP,,
NSE,D,50470,OPTIDX,0,NIFTY-Oct2024-28150-CE,25.0,NIFTY 10 OCT 28150 CALL,2024-10-10 14:30:00,28150.0,CE,5.0,W,OP,,
NSE,D,50471,OPTIDX,0,NIFTY-Oct2024-28150-PE,25.0,NIFTY 10 OCT 28150 PUT,2024-10-10 14:30:00,28150.0,PE,5.0,W,OP,,
NSE,D,50472,OPTIDX,0,NIFTY-Oct2024-28200-CE,25.0,NIFTY 10 OCT 28200 CALL,2024-10-10 14:30:00,28200.0,CE,5.0,W,OP,,
NSE,D,50473,OPTIDX,0,NIFTY-Oct2024-28200-PE,25.0,NIFTY 10 OCT 28200 PUT,2024-10-10 14:30:00,28200.0,PE,5.0,W,OP,,
NSE,D,50475,OPTIDX,0,NIFTY-Oct2024-28250-CE,25.0,NIFTY 10 OCT 28250 CALL,2024-10-10 14:30:00,28250.0,CE,5.0,W,OP,,
NSE,D,50492,OPTIDX,0,NIFTY-Oct2024-28250-PE,25.0,NIFTY 10 OCT 28250 PUT,2024-10-10 14:30:00,28250.0,PE,5.0,W,OP,,
NSE,D,50501,OPTIDX,0,NIFTY-Oct2024-28300-CE,25.0,NIFTY 10 OCT 28300 CALL,2024-10-10 14:30:00,28300.0,CE,5.0,W,OP,,
NSE,D,50506,OPTIDX,0,NIFTY-Oct2024-28300-PE,25.0,NIFTY 10 OCT 28300 PUT,2024-10-10 14:30:00,28300.0,PE,5.0,W,OP,,
NSE,D,50594,OPTIDX,0,NIFTY-Oct2024-28350-CE,25.0,NIFTY 10 OCT 28350 CALL,2024-10-10 14:30:00,28350.0,CE,5.0,W,OP,,
NSE,D,50595,OPTIDX,0,NIFTY-Oct2024-28350-PE,25.0,NIFTY 10 OCT 28350 PUT,2024-10-10 14:30:00,28350.0,PE,5.0,W,OP,,
NSE,D,50608,OPTIDX,0,NIFTY-Oct2024-28400-CE,25.0,NIFTY 10 OCT 28400 CALL,2024-10-10 14:30:00,28400.0,CE,5.0,W,OP,,
NSE,D,50609,OPTIDX,0,NIFTY-Oct2024-28400-PE,25.0,NIFTY 10 OCT 28400 PUT,2024-10-10 14:30:00,28400.0,PE,5.0,W,OP,,
NSE,D,50610,OPTIDX,0,NIFTY-Oct2024-28450-CE,25.0,NIFTY 10 OCT 28450 CALL,2024-10-10 14:30:00,28450.0,CE,5.0,W,OP,,
NSE,D,50613,OPTIDX,0,NIFTY-Oct2024-28450-PE,25.0,NIFTY 10 OCT 28450 PUT,2024-10-10 14:30:00,28450.0,PE,5.0,W,OP,,
NSE,D,50614,OPTIDX,0,NIFTY-Oct2024-28500-CE,25.0,NIFTY 10 OCT 28500 CALL,2024-10-10 14:30:00,28500.0,CE,5.0,W,OP,,
NSE,D,50615,OPTIDX,0,NIFTY-Oct2024-28500-PE,25.0,NIFTY 10 OCT 28500 PUT,2024-10-10 14:30:00,28500.0,PE,5.0,W,OP,,
NSE,D,50616,OPTIDX,0,NIFTY-Oct2024-28550-CE,25.0,NIFTY 10 OCT 28550 CALL,2024-10-10 14:30:00,28550.0,CE,5.0,W,OP,,
NSE,D,50617,OPTIDX,0,NIFTY-Oct2024-28550-PE,25.0,NIFTY 10 OCT 28550 PUT,2024-10-10 14:30:00,28550.0,PE,5.0,W,OP,,
NSE,D,50618,OPTIDX,0,NIFTY-Oct2024-28600-CE,25.0,NIFTY 10 OCT 28600 CALL,2024-10-10 14:30:00,28600.0,CE,5.0,W,OP,,
NSE,D,50619,OPTIDX,0,NIFTY-Oct2024-28600-PE,25.0,NIFTY 10 OCT 28600 PUT,2024-10-10 14:30:00,28600.0,PE,5.0,W,OP,,
NSE,D,50620,OPTIDX,0,NIFTY-Oct2024-28650-CE,25.0,NIFTY 10 OCT 28650 CALL,2024-10-10 14:30:00,28650.0,CE,5.0,W,OP,,
NSE,D,50621,OPTIDX,0,NIFTY-Oct2024-28650-PE,25.0,NIFTY 10 OCT 28650 PUT,2024-10-10 14:30:00,28650.0,PE,5.0,W,OP,,
NSE,D,50652,OPTIDX,0,NIFTY-Oct2024-28700-CE,25.0,NIFTY 10 OCT 28700 CALL,2024-10-10 14:30:00,28700.0,CE,5.0,W,OP,,
NSE,D,50653,OPTIDX,0,NIFTY-Oct2024-28700-PE,25.0,NIFTY 10 OCT 28700 PUT,2024-10-10 14:30:00,28700.0,PE,5.0,W,OP,,
NSE,D,50654,OPTIDX,0,NIFTY-Oct2024-28750-CE,25.0,NIFTY 10 OCT 28750 CALL,2024-10-10 14:30:00,28750.0,CE,5.0,W,OP,,
NSE,D,50655,OPTIDX,0,NIFTY-Oct2024-28750-PE,25.0,NIFTY 10 OCT 28750 PUT,2024-10-10 14:30:00,28750.0,PE,5.0,W,OP,,
NSE,D,50656,OPTIDX,0,NIFTY-Oct2024-28800-CE,25.0,NIFTY 10 OCT 28800 CALL,2024-10-10 14:30:00,28800.0,CE,5.0,W,OP,,
NSE,D,50665,OPTIDX,0,NIFTY-Oct2024-28800-PE,25.0,NIFTY 10 OCT 28800 PUT,2024-10-10 14:30:00,28800.0,PE,5.0,W,OP,,
NSE,D,50666,OPTIDX,0,NIFTY-Oct2024-28850-CE,25.0,NIFTY 10 OCT 28850 CALL,2024-10-10 14:30:00,28850.0,CE,5.0,W,OP,,
NSE,D,50672,OPTIDX,0,NIFTY-Oct2024-28850-PE,25.0,NIFTY 10 OCT 28850 PUT,2024-10-10 14:30:00,28850.0,PE,5.0,W,OP,,
NSE,D,50673,OPTIDX,0,NIFTY-Oct2024-28900-CE,25.0,NIFTY 10 OCT 28900 CALL,2024-10-10 14:30:00,28900.0,CE,5.0,W,OP,,
NSE,D,50677,OPTIDX,0,NIFTY-Oct2024-28900-PE,25.0,NIFTY 10 OCT 28900 PUT,2024-10-10 14:30:00,28900.0,PE,5.0,W,OP,,
NSE,D,50682,OPTIDX,0,NIFTY-Oct2024-28950-CE,25.0,NIFTY 10 OCT 28950 CALL,2024-10-10 14:30:00,28950.0,CE,5.0,W,OP,,
NSE,D,50683,OPTIDX,0,NIFTY-Oct2024-28950-PE,25.0,NIFTY 10 OCT 28950 PUT,2024-10-10 14:30:00,28950.0,PE,5.0,W,OP,,
NSE,D,50684,OPTIDX,0,NIFTY-Oct2024-29000-CE,25.0,NIFTY 10 OCT 29000 CALL,2024-10-10 14:30:00,29000.0,CE,5.0,W,OP,,
NSE,D,50685,OPTIDX,0,NIFTY-Oct2024-29000-PE,25.0,NIFTY 10 OCT 29000 PUT,2024-10-10 14:30:00,29000.0,PE,5.0,W,OP,,
NSE,D,50687,OPTIDX,0,NIFTY-Oct2024-29050-CE,25.0,NIFTY 10 OCT 29050 CALL,2024-10-10 14:30:00,29050.0,CE,5.0,W,OP,,
NSE,D,50690,OPTIDX,0,NIFTY-Oct2024-29050-PE,25.0,NIFTY 10 OCT 29050 PUT,2024-10-10 14:30:00,29050.0,PE,5.0,W,OP,,
NSE,D,50695,OPTIDX,0,NIFTY-Oct2024-29100-CE,25.0,NIFTY 10 OCT 29100 CALL,2024-10-10 14:30:00,29100.0,CE,5.0,W,OP,,
NSE,D,50696,OPTIDX,0,NIFTY-Oct2024-29100-PE,25.0,NIFTY 10 OCT 29100 PUT,2024-10-10 14:30:00,29100.0,PE,5.0,W,OP,,
NSE,D,50697,OPTIDX,0,NIFTY-Oct2024-29150-CE,25.0,NIFTY 10 OCT 29150 CALL,2024-10-10 14:30:00,29150.0,CE,5.0,W,OP,,
NSE,D,50698,OPTIDX,0,NIFTY-Oct2024-29150-PE,25.0,NIFTY 10 OCT 29150 PUT,2024-10-10 14:30:00,29150.0,PE,5.0,W,OP,,
NSE,D,50701,OPTIDX,0,NIFTY-Oct2024-29200-CE,25.0,NIFTY 10 OCT 29200 CALL,2024-10-10 14:30:00,29200.0,CE,5.0,W,OP,,
NSE,D,50702,OPTIDX,0,NIFTY-Oct2024-29200-PE,25.0,NIFTY 10 OCT 29200 PUT,2024-10-10 14:30:00,29200.0,PE,5.0,W,OP,,
NSE,D,50709,OPTIDX,0,NIFTY-Oct2024-29250-CE,25.0,NIFTY 10 OCT 29250 CALL,2024-10-10 14:30:00,29250.0,CE,5.0,W,OP,,
NSE,D,50710,OPTIDX,0,NIFTY-Oct2024-29250-PE,25.0,NIFTY 10 OCT 29250 PUT,2024-10-10 14:30:00,29250.0,PE,5.0,W,OP,,
NSE,D,50714,OPTIDX,0,NIFTY-Oct2024-29300-CE,25.0,NIFTY 10 OCT 29300 CALL,2024-10-10 14:30:00,29300.0,CE,5.0,W,OP,,
NSE,D,50715,OPTIDX,0,NIFTY-Oct2024-29300-PE,25.0,NIFTY 10 OCT 29300 PUT,2024-10-10 14:30:00,29300.0,PE,5.0,W,OP,,
NSE,D,50720,OPTIDX,0,NIFTY-Oct2024-29350-CE,25.0,NIFTY 10 OCT 29350 CALL,2024-10-10 14:30:00,29350.0,CE,5.0,W,OP,,
NSE,D,50724,OPTIDX,0,NIFTY-Oct2024-29350-PE,25.0,NIFTY 10 OCT 29350 PUT,2024-10-10 14:30:00,29350.0,PE,5.0,W,OP,,
NSE,D,50725,OPTIDX,0,NIFTY-Oct2024-29400-CE,25.0,NIFTY 10 OCT 29400 CALL,2024-10-10 14:30:00,29400.0,CE,5.0,W,OP,,
NSE,D,50726,OPTIDX,0,NIFTY-Oct2024-29400-PE,25.0,NIFTY 10 OCT 29400 PUT,2024-10-10 14:30:00,29400.0,PE,5.0,W,OP,,
NSE,D,50728,OPTIDX,0,NIFTY-Oct2024-29450-CE,25.0,NIFTY 10 OCT 29450 CALL,2024-10-10 14:30:00,29450.0,CE,5.0,W,OP,,
NSE,D,50729,OPTIDX,0,NIFTY-Oct2024-29450-PE,25.0,NIFTY 10 OCT 29450 PUT,2024-10-10 14:30:00,29450.0,PE,5.0,W,OP,,
NSE,D,50731,OPTIDX,0,NIFTY-Oct2024-29500-CE,25.0,NIFTY 10 OCT 29500 CALL,2024-10-10 14:30:00,29500.0,CE,5.0,W,OP,,
NSE,D,50732,OPTIDX,0,NIFTY-Oct2024-29500-PE,25.0,NIFTY 10 OCT 29500 PUT,2024-10-10 14:30:00,29500.0,PE,5.0,W,OP,,
NSE,D,50733,OPTIDX,0,NIFTY-Oct2024-29550-CE,25.0,NIFTY 10 OCT 29550 CALL,2024-10-10 14:30:00,29550.0,CE,5.0,W,OP,,
NSE,D,50734,OPTIDX,0,NIFTY-Oct2024-29550-PE,25.0,NIFTY 10 OCT 29550 PUT,2024-10-10 14:30:00,29550.0,PE,5.0,W,OP,,
NSE,D,50737,OPTIDX,0,NIFTY-Oct2024-29600-CE,25.0,NIFTY 10 OCT 29600 CALL,2024-10-10 14:30:00,29600.0,CE,5.0,W,OP,,
NSE,D,50738,OPTIDX,0,NIFTY-Oct2024-29600-PE,25.0,NIFTY 10 OCT 29600 PUT,2024-10-10 14:30:00,29600.0,PE,5.0,W,OP,,
NSE,D,50739,OPTIDX,0,NIFTY-Oct2024-29650-CE,25.0,NIFTY 10 OCT 29650 CALL,2024-10-10 14:30:00,29650.0,CE,5.0,W,OP,,
NSE,D,50740,OPTIDX,0,NIFTY-Oct2024-29650-PE,25.0,NIFTY 10 OCT 29650 PUT,2024-10-10 14:30:00,29650.0,PE,5.0,W,OP,,
NSE,D,50742,OPTIDX,0,NIFTY-Oct2024-29700-CE,25.0,NIFTY 10 OCT 29700 CALL,2024-10-10 14:30:00,29700.0,CE,5.0,W,OP,,
NSE,D,50743,OPTIDX,0,NIFTY-Oct2024-29700-PE,25.0,NIFTY 10 OCT 29700 PUT,2024-10-10 14:30:00,29700.0,PE,5.0,W,OP,,
NSE,D,50744,OPTIDX,0,NIFTY-Oct2024-29750-CE,25.0,NIFTY 10 OCT 29750 CALL,2024-10-10 14:30:00,29750.0,CE,5.0,W,OP,,
NSE,D,50745,OPTIDX,0,NIFTY-Oct2024-29750-PE,25.0,NIFTY 10 OCT 29750 PUT,2024-10-10 14:30:00,29750.0,PE,5.0,W,OP,,
NSE,D,50746,OPTIDX,0,NIFTY-Oct2024-29800-CE,25.0,NIFTY 10 OCT 29800 CALL,2024-10-10 14:30:00,29800.0,CE,5.0,W,OP,,
NSE,D,50747,OPTIDX,0,NIFTY-Oct2024-29800-PE,25.0,NIFTY 10 OCT 29800 PUT,2024-10-10 14:30:00,29800.0,PE,5.0,W,OP,,
NSE,D,50748,OPTIDX,0,NIFTY-Oct2024-29850-CE,25.0,NIFTY 10 OCT 29850 CALL,2024-10-10 14:30:00,29850.0,CE,5.0,W,OP,,
NSE,D,50749,OPTIDX,0,NIFTY-Oct2024-29850-PE,25.0,NIFTY 10 OCT 29850 PUT,2024-10-10 14:30:00,29850.0,PE,5.0,W,OP,,
NSE,D,50750,OPTIDX,0,NIFTY-Oct2024-29900-CE,25.0,NIFTY 10 OCT 29900 CALL,2024-10-10 14:30:00,29900.0,CE,5.0,W,OP,,
NSE,D,50753,OPTIDX,0,NIFTY-Oct2024-29900-PE,25.0,NIFTY 10 OCT 29900 PUT,2024-10-10 14:30:00,29900.0,PE,5.0,W,OP,,
NSE,D,50754,OPTIDX,0,NIFTY-Oct2024-29950-CE,25.0,NIFTY 10 OCT 29950 CALL,2024-10-10 14:30:00,29950.0,CE,5.0,W,OP,,
NSE,D,50757,OPTIDX,0,NIFTY-Oct2024-29950-PE,25.0,NIFTY 10 OCT 29950 PUT,2024-10-10 14:30:00,29950.0,PE,5.0,W,OP,,
NSE,D,50758,OPTIDX,0,NIFTY-Oct2024-30000-CE,25.0,NIFTY 10 OCT 30000 CALL,2024-10-10 14:30:00,30000.0,CE,5.0,W,OP,,
NSE,D,50760,OPTIDX,0,NIFTY-Oct2024-30000-PE,25.0,NIFTY 10 OCT 30000 PUT,2024-10-10 14:30:00,30000.0,PE,5.0,W,OP,,
NSE,D,50762,OPTIDX,0,NIFTY-Oct2024-30050-CE,25.0,NIFTY 10 OCT 30050 CALL,2024-10-10 14:30:00,30050.0,CE,5.0,W,OP,,
NSE,D,50763,OPTIDX,0,NIFTY-Oct2024-30050-PE,25.0,NIFTY 10 OCT 30050 PUT,2024-10-10 14:30:00,30050.0,PE,5.0,W,OP,,
NSE,D,50765,OPTIDX,0,NIFTY-Oct2024-30100-CE,25.0,NIFTY 10 OCT 30100 CALL,2024-10-10 14:30:00,30100.0,CE,5.0,W,OP,,
NSE,D,50766,OPTIDX,0,NIFTY-Oct2024-30100-PE,25.0,NIFTY 10 OCT 30100 PUT,2024-10-10 14:30:00,30100.0,PE,5.0,W,OP,,
NSE,D,50767,OPTIDX,0,NIFTY-Oct2024-30150-CE,25.0,NIFTY 10 OCT 30150 CALL,2024-10-10 14:30:00,30150.0,CE,5.0,W,OP,,
NSE,D,50768,OPTIDX,0,NIFTY-Oct2024-30150-PE,25.0,NIFTY 10 OCT 30150 PUT,2024-10-10 14:30:00,30150.0,PE,5.0,W,OP,,
NSE,D,50769,OPTIDX,0,NIFTY-Oct2024-30200-CE,25.0,NIFTY 10 OCT 30200 CALL,2024-10-10 14:30:00,30200.0,CE,5.0,W,OP,,
NSE,D,50772,OPTIDX,0,NIFTY-Oct2024-30200-PE,25.0,NIFTY 10 OCT 30200 PUT,2024-10-10 14:30:00,30200.0,PE,5.0,W,OP,,
NSE,D,50773,OPTIDX,0,NIFTY-Oct2024-30250-CE,25.0,NIFTY 10 OCT 30250 CALL,2024-10-10 14:30:00,30250.0,CE,5.0,W,OP,,
NSE,D,50774,OPTIDX,0,NIFTY-Oct2024-30250-PE,25.0,NIFTY 10 OCT 30250 PUT,2024-10-10 14:30:00,30250.0,PE,5.0,W,OP,,
NSE,D,50776,OPTIDX,0,NIFTY-Oct2024-30300-CE,25.0,NIFTY 10 OCT 30300 CALL,2024-10-10 14:30:00,30300.0,CE,5.0,W,OP,,
NSE,D,50777,OPTIDX,0,NIFTY-Oct2024-30300-PE,25.0,NIFTY 10 OCT 30300 PUT,2024-10-10 14:30:00,30300.0,PE,5.0,W,OP,,
NSE,D,50778,OPTIDX,0,NIFTY-Oct2024-30350-CE,25.0,NIFTY 10 OCT 30350 CALL,2024-10-10 14:30:00,30350.0,CE,5.0,W,OP,,
NSE,D,50779,OPTIDX,0,NIFTY-Oct2024-30350-PE,25.0,NIFTY 10 OCT 30350 PUT,2024-10-10 14:30:00,30350.0,PE,5.0,W,OP,,
NSE,D,50780,OPTIDX,0,NIFTY-Oct2024-30400-CE,25.0,NIFTY 10 OCT 30400 CALL,2024-10-10 14:30:00,30400.0,CE,5.0,W,OP,,
NSE,D,50781,OPTIDX,0,NIFTY-Oct2024-30400-PE,25.0,NIFTY 10 OCT 30400 PUT,2024-10-10 14:30:00,30400.0,PE,5.0,W,OP,,
NSE,D,60825,OPTIDX,0,NIFTY-Oct2024-30700-CE,25.0,NIFTY 10 OCT 30700 CALL,2024-10-10 14:30:00,30700.0,CE,5.0,W,OP,,
NSE,D,60826,OPTIDX,0,NIFTY-Oct2024-30700-PE,25.0,NIFTY 10 OCT 30700 PUT,2024-10-10 14:30:00,30700.0,PE,5.0,W,OP,,
NSE,D,60831,OPTIDX,0,NIFTY-Oct2024-30750-CE,25.0,NIFTY 10 OCT 30750 CALL,2024-10-10 14:30:00,30750.0,CE,5.0,W,OP,,
NSE,D,60832,OPTIDX,0,NIFTY-Oct2024-30750-PE,25.0,NIFTY 10 OCT 30750 PUT,2024-10-10 14:30:00,30750.0,PE,5.0,W,OP,,
NSE,D,60833,OPTIDX,0,NIFTY-Oct2024-30800-CE,25.0,NIFTY 10 OCT 30800 CALL,2024-10-10 14:30:00,30800.0,CE,5.0,W,OP,,
NSE,D,60834,OPTIDX,0,NIFTY-Oct2024-30800-PE,25.0,NIFTY 10 OCT 30800 PUT,2024-10-10 14:30:00,30800.0,PE,5.0,W,OP,,
NSE,D,60837,OPTIDX,0,NIFTY-Oct2024-30850-CE,25.0,NIFTY 10 OCT 30850 CALL,2024-10-10 14:30:00,30850.0,CE,5.0,W,OP,,
NSE,D,60838,OPTIDX,0,NIFTY-Oct2024-30850-PE,25.0,NIFTY 10 OCT 30850 PUT,2024-10-10 14:30:00,30850.0,PE,5.0,W,OP,,
NSE,D,60839,OPTIDX,0,NIFTY-Oct2024-30900-CE,25.0,NIFTY 10 OCT 30900 CALL,2024-10-10 14:30:00,30900.0,CE,5.0,W,OP,,
NSE,D,60840,OPTIDX,0,NIFTY-Oct2024-30900-PE,25.0,NIFTY 10 OCT 30900 PUT,2024-10-10 14:30:00,30900.0,PE,5.0,W,OP,,
NSE,D,60841,OPTIDX,0,NIFTY-Oct2024-30950-CE,25.0,NIFTY 10 OCT 30950 CALL,2024-10-10 14:30:00,30950.0,CE,5.0,W,OP,,
NSE,D,60842,OPTIDX,0,NIFTY-Oct2024-30950-PE,25.0,NIFTY 10 OCT 30950 PUT,2024-10-10 14:30:00,30950.0,PE,5.0,W,OP,,
NSE,D,60843,OPTIDX,0,NIFTY-Oct2024-31000-CE,25.0,NIFTY 10 OCT 31000 CALL,2024-10-10 14:30:00,31000.0,CE,5.0,W,OP,,
NSE,D,60846,OPTIDX,0,NIFTY-Oct2024-31000-PE,25.0,NIFTY 10 OCT 31000 PUT,2024-10-10 14:30:00,31000.0,PE,5.0,W,OP,,
NSE,D,60847,OPTIDX,0,NIFTY-Oct2024-31050-CE,25.0,NIFTY 10 OCT 31050 CALL,2024-10-10 14:30:00,31050.0,CE,5.0,W,OP,,
NSE,D,60848,OPTIDX,0,NIFTY-Oct2024-31050-PE,25.0,NIFTY 10 OCT 31050 PUT,2024-10-10 14:30:00,31050.0,PE,5.0,W,OP,,
NSE,D,61994,OPTIDX,0,NIFTY-Oct2024-31100-CE,25.0,NIFTY 10 OCT 31100 CALL,2024-10-10 14:30:00,31100.0,CE,5.0,W,OP,,
NSE,D,61995,OPTIDX,0,NIFTY-Oct2024-31100-PE,25.0,NIFTY 10 OCT 31100 PUT,2024-10-10 14:30:00,31100.0,PE,5.0,W,OP,,
NSE,D,61997,OPTIDX,0,NIFTY-Oct2024-31150-CE,25.0,NIFTY 10 OCT 31150 CALL,2024-10-10 14:30:00,31150.0,CE,5.0,W,OP,,
NSE,D,61998,OPTIDX,0,NIFTY-Oct2024-31150-PE,25.0,NIFTY 10 OCT 31150 PUT,2024-10-10 14:30:00,31150.0,PE,5.0,W,OP,,
NSE,D,62000,OPTIDX,0,NIFTY-Oct2024-31200-CE,25.0,NIFTY 10 OCT 31200 CALL,2024-10-10 14:30:00,31200.0,CE,5.0,W,OP,,
NSE,D,62001,OPTIDX,0,NIFTY-Oct2024-31200-PE,25.0,NIFTY 10 OCT 31200 PUT,2024-10-10 14:30:00,31200.0,PE,5.0,W,OP,,
NSE,D,63219,OPTIDX,0,NIFTY-Oct2024-31250-CE,25.0,NIFTY 10 OCT 31250 CALL,2024-10-10 14:30:00,31250.0,CE,5.0,W,OP,,
NSE,D,63220,OPTIDX,0,NIFTY-Oct2024-31250-PE,25.0,NIFTY 10 OCT 31250 PUT,2024-10-10 14:30:00,31250.0,PE,5.0,W,OP,,
